sample_id,substrate_material,coating_material,reinforcement,coating_method,electrolyte_composition,current_voltage_mode,ac_dc_mode,cooling_method,surface_preparation,reinforcement_percentage,particle_size,current_density,voltage,frequency,duty_cycle,treatment_time,temperature,pressure,spray_distance,surface_roughness,heat_treatment_temperature,heat_treatment_time,speed,num_passes,surface_hardness,corrosion_resistance,corrosion_rate,coating_thickness,porosity,pore_size,wear_resistance,experiment_id,data_source,is_demo,units,notes
S0001,Magnesium,Magnesium,Si3N4,plasma_spray,mixed_oxide,constant_voltage,DC,air,polished,10.911159838086272,5.671168602619217,58.31018242104499,92.42922177746716,1701.2910594633613,26.717190234505185,60.12003851254536,17.391961026007667,4.249577934338234,54.206534253112096,3.563896489531225,500.0,5.038557680548313,21.857640614505552,4.0,83.16984925665363,51.01890516813866,0.5143194802356235,70.92117753748303,9.472907313987147,0.46761184047961724,240.26772609352744,E001,synthetic,True,synthetic_range,Auto-generated for development; not experimental data.
S0002,Tantalum,Al2O3,Si3N4,anodizing,NaOH,constant_current,DC,oil,as_received,15.551280546456551,18.11410569199949,33.627767374319944,305.76556831882374,749.1641634615298,55.03305192713504,12.146006175395879,39.85913091671219,,117.74587035393273,3.4420958709172464,350.0,2.0914899294711846,21.043604876603165,6.0,105.43269343729071,28.66362441734993,0.6335665537387336,30.835707851172582,10.345204183964801,7.435392800889179,166.20558880012177,E001,synthetic,True,synthetic_range,Auto-generated for development; not experimental data.
S0003,Zirconium,TiO2,TiO2,anodizing,aluminate,constant_voltage,DC,water,ground,7.887925148785166,20.942717783720365,16.984303209792436,275.3687939091436,933.7737785570166,40.94921079056788,34.68397245969917,64.37872575921975,2.432265473433569,244.34818282190696,4.255254117222459,25.0,0.0,,6.0,185.08320293114437,15.355577793713284,1.397538680446298,21.542357931102796,9.565870455281745,6.3773411024140785,116.96188371998743,E001,synthetic,True,synthetic_range,Auto-generated for development; not experimental data.
S0004,Aluminum,ZrO2,ZrO2,anodizing,silicate,constant_current,DC,air,polished,11.956630104838892,2.0655948302483704,29.8495554053122,425.65607230157144,2653.7820096803475,51.01568335586705,97.4638845141778,63.93757723775901,2.106577845502708,277.4942766292796,4.191406160574627,500.0,10.083670467368693,24.824038767234494,2.0,201.14693172687666,20.10178727261013,1.1280812642437563,31.520364877659436,11.985776896037285,11.011664337642388,234.39407773131288,E001,synthetic,True,synthetic_range,Auto-generated for development; not experimental data.
S0005,Aluminum,Zirconium,none,plasma_spray,fluoride,constant_current,DC,air,as_received,0.0,0.0,3.201307251772729,282.3012935965182,4230.907646724939,88.55059516365831,91.44852734895824,20.584078821747305,,159.5841490593954,1.8100336375707524,500.0,8.409877419657313,,2.0,211.5873117816224,57.19523839849277,0.35254963909548875,49.77407407195863,3.857509512578827,5.140443871725196,162.4468069337426,E001,synthetic,True,synthetic_range,Auto-generated for development; not experimental data.
S0006,Tantalum,Tantalum,ZrO2,anodizing,NaOH,constant_current,AC,furnace,as_received,10.678612225301988,19.94805424112682,48.43606845552099,221.90798446218554,353.253578855553,56.31579057849841,105.71891278319845,54.616777660818734,4.638998369130231,70.37099503461658,2.4043850216042832,200.0,2.8056827530157924,2.9055363635639138,7.0,76.0528681573463,25.981422123086258,0.8822231635630445,35.928469179779505,14.044091662369212,6.698386037586342,131.4874036549614,E001,synthetic,True,synthetic_range,Auto-generated for development; not experimental data.
S0007,Magnesium,MgO,Si3N4,sol_gel,silicate,constant_current,DC,furnace,polished,18.241052742092116,21.748623177888785,,180.82745781647205,152.404545623247,45.28525190202645,74.2400999901946,24.286525205155733,3.4289866684564987,249.68218480712198,0.8929335503600346,250.0,9.31875421844149,18.483811920583737,5.0,148.63873147377143,23.18965269796829,3.112441640817351,9.825512241021523,6.973224464123552,2.0270125445937253,205.60885791662946,E001,synthetic,True,synthetic_range,Auto-generated for development; not experimental data.
S0008,Zirconium,Aluminum,TiO2,plasma_spray,KOH,constant_voltage,AC,furnace,sandblasted,15.976616173000325,17.475792436742054,19.216160821677292,189.07337273498555,2325.840679184216,94.10239206947831,53.63418245117633,47.058606636406566,0.9983306312271134,271.2926083181834,2.47988214199434,25.0,0.0,36.4136209197748,6.0,228.00244167556255,42.5143810521448,0.15531821028380988,71.11299405707759,5.022371586913832,4.57957345648154,219.87205286315648,E001,synthetic,True,synthetic_range,Auto-generated for development; not experimental data.
S0009,Magnesium,Zirconium,Si3N4,sol_gel,fluoride,constant_current,DC,air,ground,1.6450142921779194,16.87011902898442,34.35367627329166,513.923950913907,4780.937075268173,15.543331941460586,54.063024718761824,30.579570554672898,2.6698675534623613,153.41506767342986,1.9159565406947823,450.0,9.234118865138065,28.75773244444014,7.0,116.22910012012818,29.159843102875307,1.8528531010333922,32.318408694413584,10.738084212947758,15.645324094231093,120.71920800377416,E001,synthetic,True,synthetic_range,Auto-generated for development; not experimental data.
S0010,Magnesium,Aluminum,TiO2,electrodeposition,phosphate,constant_current,DC,water,ground,8.867427993650509,13.151076171954353,3.5355324131670334,132.53930104390616,1395.049017070632,,27.31000511668853,18.4554761627573,1.6039776480082553,110.83881348006926,0.7388959475527126,400.0,7.025072111308495,2.987205144189984,3.0,124.57427984874225,42.89509982665353,1.2043882322088262,24.18619256644473,0.7912562262788088,1.7992813377733063,156.46862946786644,E001,synthetic,True,synthetic_range,Auto-generated for development; not experimental data.
S0011,Zirconium,TiO2,SiC,anodizing,silicate,constant_current,AC,furnace,polished,14.11720895343747,16.33704125105831,5.679697051705446,544.0882122785752,4795.852695335241,52.64125657556606,79.84188057455641,20.20126265922962,4.482120484330169,60.99291705573632,2.813681934466996,25.0,0.0,35.47569900389065,1.0,246.6610476581509,7.687444011486768,0.6140312512085869,30.33022756677632,2.9308853680224356,18.46513970587972,227.20520462619308,E002,synthetic,True,synthetic_range,Auto-generated for development; not experimental data.
S0012,Tantalum,Al2O3,Si3N4,anodizing,aluminate,constant_voltage,DC,oil,as_received,19.740882292739897,22.981786130936797,42.070865099167754,213.45972759611237,4438.405882950006,52.81928871020674,72.28290695067821,74.20804173244403,1.1228125955729085,197.77070547371397,1.599531113095934,400.0,1.4601623471846634,33.24002163370511,7.0,54.87158212715119,35.21573372865428,0.35262785307639377,42.3405578729086,8.843020895956588,4.203108226289571,183.22282788960504,E002,synthetic,True,synthetic_range,Auto-generated for development; not experimental data.
S0013,Zirconium,ZrO2,SiC,electrodeposition,KOH,constant_voltage,AC,air,sandblasted,9.438337677649494,2.5580239353468746,5.234848490585356,94.19511770874874,1415.6753819375556,,22.80940731431613,63.40198767309971,0.744396241373183,277.46737264062483,3.0925230028578627,250.0,10.016359362780797,22.320684251211592,5.0,185.23243768155993,35.63028536661883,0.8690060333594545,27.164113854885596,3.236298338811721,1.2699903737979794,191.57839571856968,E002,synthetic,True,synthetic_range,Auto-generated for development; not experimental data.
S0014,Tantalum,ZrO2,Al2O3,anodizing,mixed_oxide,constant_voltage,DC,air,polished,2.3093163554714193,7.928323722259974,29.147889108595212,174.3451903939325,4084.7403212807335,53.12253826541091,106.85123580521811,75.56855881524177,3.669930650975352,219.4720063800814,,300.0,11.306008589179593,1.8738131421089776,1.0,217.0405079489962,15.25780337758836,1.0998282855016857,23.6870394624273,11.486099036587037,3.808115554653995,113.70609543686969,E002,synthetic,True,synthetic_range,Auto-generated for development; not experimental data.
S0015,Zirconium,TiO2,TiO2,anodizing,phosphate,constant_current,AC,water,polished,11.459178906900922,1.8577515912170022,20.983042371824272,79.20718977730935,3429.3365128440937,47.26460269506265,47.37384338071866,45.549345601680926,2.539787337356688,129.31214947368358,1.6514162264867605,150.0,8.158054470007333,22.934755103318224,4.0,63.17457365948383,19.49117533094613,1.4504621765909502,19.586764503125657,9.148134356318415,0.4992349561059992,145.49357128239228,E002,synthetic,True,synthetic_range,Auto-generated for development; not experimental data.
S0016,Tantalum,Magnesium,Si3N4,sol_gel,aluminate,constant_voltage,AC,furnace,ground,2.967993946417226,23.62288904000376,14.456685069428572,445.0148845819579,2559.111944523786,33.16153032996192,10.719958034922875,41.86401243193228,4.27264199421388,210.72208107249173,2.0866301769351057,450.0,11.592228016974547,3.128972947130618,1.0,187.17971192159223,20.18495268368299,0.9460556629589617,17.177717713043528,6.982641849948658,11.778563053685234,129.71436722576647,E002,synthetic,True,synthetic_range,Auto-generated for development; not experimental data.
S0017,Zirconium,TiO2,Al2O3,plasma_spray,aluminate,constant_voltage,DC,air,polished,15.154631425448171,11.15937337668473,12.13795497395626,306.2764562705527,2114.5807152143734,65.99942517948077,42.706305889675136,38.29647401263621,0.8358333402619029,258.01710186200637,4.007758992454496,250.0,11.242281318994397,13.494779425861736,3.0,133.3424088422973,35.24606915434032,0.5626810020314097,55.59659380739572,9.50484646758106,7.995784483196321,212.95522230603586,E002,synthetic,True,synthetic_range,Auto-generated for development; not experimental data.
S0018,Magnesium,Magnesium,TiO2,PEO,fluoride,constant_voltage,AC,furnace,ground,10.399701450504669,16.8998445433709,46.041266330222186,218.49330943340047,4077.513779627284,58.41983273327973,105.03352219183121,55.05996124338585,4.104842596735291,168.95751483736447,5.40861816441682,450.0,2.737996609243167,25.527475137206817,3.0,217.6359946284215,32.089156485166285,0.9789500816604633,54.11038475349929,12.190279732359537,4.365343505859572,197.4140740074097,E002,synthetic,True,synthetic_range,Auto-generated for development; not experimental data.
S0019,Tantalum,Tantalum,none,plasma_spray,fluoride,constant_current,DC,oil,ground,0.0,0.0,57.14098939586667,381.02480231578124,3965.397163475106,28.21936214056156,110.45000737410523,37.85136015313668,0.6680063877987125,254.93712249945963,2.9338999211998567,150.0,8.908942008879455,36.603610271404804,4.0,229.63950970389934,43.753070958572984,0.16342792146878138,103.64689235878487,21.41856381171973,8.572103813528653,146.30504896671508,E002,synthetic,True,synthetic_range,Auto-generated for development; not experimental data.
S0020,Aluminum,MgO,none,plasma_spray,silicate,constant_voltage,DC,furnace,sandblasted,0.0,0.0,9.270604789996572,365.3232629751601,3784.681679712796,70.30009778021261,61.39581798485786,63.507760208830405,0.6263150536128064,147.97741916658853,1.9664963116352858,350.0,4.5170054235334876,14.95402985311967,4.0,221.94667869400615,40.83270794752717,0.3688722749150719,66.93822562824944,6.440273699710952,9.176036803224413,151.81090927783615,E002,synthetic,True,synthetic_range,Auto-generated for development; not experimental data.
S0021,Zirconium,Zirconium,none,sol_gel,aluminate,constant_current,AC,furnace,ground,0.0,0.0,57.62119193127349,519.936044613795,4991.279756076479,64.74738287361444,114.97909310844307,,2.5759208827896334,137.12641964894266,0.20712754791945198,200.0,6.106449646504699,34.540927532454674,6.0,44.16473026738281,4.171702605044914,1.3903403806604855,30.466798095297506,17.04670723371189,14.986946774549349,35.12804144257439,E003,synthetic,True,synthetic_range,Auto-generated for development; not experimental data.
S0022,Aluminum,Aluminum,none,electrodeposition,phosphate,constant_current,AC,water,ground,0.0,0.0,36.09098770503112,530.6302583741899,2392.5623047069193,43.77338015755597,105.65280805937725,71.92989857290976,1.4958108035629332,,5.314154259973555,500.0,2.305102458211726,36.81607940562014,3.0,196.50816089929432,27.68575561908239,0.7889949181456253,46.50443664079198,17.55778545187934,11.992740267140443,132.87799341415152,E003,synthetic,True,synthetic_range,Auto-generated for development; not experimental data.
S0023,Magnesium,Aluminum,ZrO2,PEO,phosphate,constant_current,AC,furnace,sandblasted,15.21412076107281,22.191201308511573,38.85796391643217,390.34188783270264,4034.614889099579,10.374078361801798,99.90153246641091,30.782060465943022,3.171734181529388,166.17160442362032,5.5074859852159825,350.0,11.709963422663003,1.8207113378352582,6.0,232.73606649688247,32.04438371572226,1.0190901319497543,59.30869821638451,15.099482373720887,9.155508217303565,244.39825225421882,E003,synthetic,True,synthetic_range,Auto-generated for development; not experimental data.
S0024,Tantalum,ZrO2,Si3N4,PEO,phosphate,constant_current,AC,air,polished,16.927872528327015,1.2694406524293467,42.88565631041233,,4312.391834917392,47.959397764975954,103.86665743845369,49.2564332040044,0.6161764739516169,294.2779801152708,3.739567798169534,400.0,8.850579905378698,10.337685672348728,7.0,166.69665694760482,31.762039930024734,0.3752363314017907,73.73618739966305,15.834357435949821,10.606396014929485,254.31564782467214,E003,synthetic,True,synthetic_range,Auto-generated for development; not experimental data.
S0025,Tantalum,Zirconium,Si3N4,electrodeposition,NaOH,constant_current,AC,water,polished,17.446548832401554,18.864559476630056,42.543014530920274,446.21255016758926,1058.0129072684197,10.514939956071396,48.9156723994147,29.523900087439525,0.6592529406334033,179.09735588204367,3.2870061703446947,25.0,0.0,28.684629669872454,6.0,162.19273330526784,4.174582610600959,0.532344538758116,56.18976649483173,19.977020368037437,14.595679498608321,197.32479305883692,E003,synthetic,True,synthetic_range,Auto-generated for development; not experimental data.
S0026,Zirconium,Zirconium,none,PEO,silicate,constant_current,DC,air,ground,0.0,0.0,49.36885538295561,295.65176634994987,210.33221026530492,16.374871590418387,91.99392818688752,17.441128522322174,3.772168232773732,146.29300722900538,0.6597438500014046,400.0,4.771924436932386,30.516878680102387,2.0,39.90118522758442,45.12523113495383,0.32769159528251257,63.11840403407818,11.891572442759646,6.34496656045401,117.92221526108722,E003,synthetic,True,synthetic_range,Auto-generated for development; not experimental data.
S0027,Aluminum,TiO2,none,anodizing,phosphate,constant_current,AC,air,ground,0.0,0.0,29.52465042951415,402.22914401670846,2023.7420109428983,46.6018417108709,71.39398535375716,61.00864477103945,1.4457432312154024,,2.245336748866096,25.0,0.0,16.30425715846511,5.0,218.32726488530648,9.278927412337165,1.5055728008168532,33.142020391681605,13.519938954281422,11.417601842812175,106.95054552249314,E003,synthetic,True,synthetic_range,Auto-generated for development; not experimental data.
S0028,Tantalum,Aluminum,SiC,PEO,mixed_oxide,constant_voltage,DC,air,polished,4.717251541052253,12.875502491169676,32.46815666336737,,4283.68342218388,16.963190155752855,87.76366020013526,50.6837828057831,3.453877056473301,186.98498765327915,4.008674581954257,250.0,9.096637827654163,26.613429898141344,2.0,40.20878338241553,34.84011017319512,0.5326696271261707,38.219007925007304,11.005119551243268,1.569402100537944,41.44013331577823,E003,synthetic,True,synthetic_range,Auto-generated for development; not experimental data.
S0029,Zirconium,TiO2,TiO2,PEO,silicate,constant_current,AC,air,sandblasted,17.276744870244777,6.530569189561591,20.105793145341536,429.01054157515347,1445.5164059725512,33.43156187190913,25.445402371789083,62.055273170950436,3.8746497267534132,138.72800950204885,6.611541481358232,200.0,11.145518567850223,24.874186077119372,4.0,98.97211340462827,32.383746072067055,0.4482317093511018,48.8215851429116,10.397091151561533,11.132071056866026,204.52835985590568,E003,synthetic,True,synthetic_range,Auto-generated for development; not experimental data.
S0030,Aluminum,TiO2,Al2O3,sol_gel,aluminate,constant_voltage,DC,air,polished,13.143754861465542,3.4237729819994516,7.210198033203906,530.9165035961838,3500.0507703371204,65.71676632751232,89.11029985411832,20.695489241424912,0.7669902457623534,230.72665049123398,0.7002795370035952,25.0,0.0,29.851223502441336,5.0,233.6898743631874,10.159537822245168,1.255649205665322,23.12399077263884,3.1602524089597175,17.766686708308352,218.84142895167219,E003,synthetic,True,synthetic_range,Auto-generated for development; not experimental data.
S0031,Aluminum,MgO,TiO2,PEO,silicate,constant_voltage,DC,water,sandblasted,8.694338341132545,2.9678334655757466,40.21377126464692,92.48737656286922,36.74069532131341,36.23230412180062,115.12312993232975,79.70920163902623,3.9638927950890763,145.16573192541023,5.016174565919542,350.0,5.933751015224825,29.02767868205975,3.0,238.9439314004927,36.07733878993121,0.6064395224573597,48.06803425840602,9.50653183435076,1.3161337855467856,212.75395604215583,E004,synthetic,True,synthetic_range,Auto-generated for development; not experimental data.
S0032,Magnesium,Aluminum,SiC,PEO,KOH,constant_voltage,AC,air,sandblasted,4.1680324483663505,2.6279052998268675,2.982988181988804,468.0578922959273,1776.8221616011886,94.80013050032838,39.8062820738644,79.63265685155707,1.7078954808257871,146.03609663131078,2.426901226156875,200.0,7.321887087599063,4.348961121624093,1.0,248.21811890470298,26.97654255003217,0.8551784564385801,41.712245828350525,1.6739640254386596,13.26863701116156,178.2837590243678,E004,synthetic,True,synthetic_range,Auto-generated for development; not experimental data.
S0033,Magnesium,Aluminum,Si3N4,sol_gel,NaOH,constant_voltage,DC,air,polished,7.110960705436616,15.962861501357715,17.262468013918728,516.4900133246356,3077.5834737907558,87.88567288277339,118.40855225489712,45.224988657728325,2.252956811898867,204.24331234420117,4.9538335514183345,,5.023455912603629,,6.0,134.80850283483497,12.681490336563892,2.5325239415519025,19.75431739385666,10.180776422883513,14.031787814078134,117.32271697382052,E004,synthetic,True,synthetic_range,Auto-generated for development; not experimental data.
S0034,Zirconium,Zirconium,Al2O3,PEO,phosphate,constant_current,AC,furnace,polished,14.223665043534378,8.817700742418475,6.5595620023199155,163.09444490103104,648.7859503616844,,48.51324170261768,71.29381648694934,0.8898763653289251,65.2117181740025,0.788005305055677,400.0,6.29808521870538,6.176358743113324,6.0,69.03450020382238,40.41767701382687,0.6666591675045243,34.79925921855149,3.655281767609153,2.7053069684754814,192.05919638605005,E004,synthetic,True,synthetic_range,Auto-generated for development; not experimental data.
S0035,Tantalum,MgO,none,sol_gel,mixed_oxide,constant_voltage,AC,air,polished,0.0,0.0,12.252902282040365,312.4055938046019,4483.03456073717,92.19050678396908,27.96820215741878,30.83195612736119,4.273834925141838,213.83872952878653,3.5871472587629905,150.0,1.715637733731173,37.36672272386994,1.0,137.34778710239846,9.901918709527799,0.9220651342288539,18.04687189755466,4.881380875289013,8.146916725298297,51.44884497686831,E004,synthetic,True,synthetic_range,Auto-generated for development; not experimental data.
S0036,Magnesium,Aluminum,Si3N4,PEO,fluoride,constant_voltage,DC,air,ground,2.3248674340982687,17.312533063012282,38.68512386094547,513.9291127314942,781.3698855853962,83.78147002676438,17.912916427027415,62.941800479514306,3.0232795384659377,176.24305428967176,0.9635663709384408,400.0,2.42825545878191,36.62816328576658,3.0,52.50884351827083,51.4790526721168,0.6408896694023973,63.760995311468065,10.60611517868107,14.059981348028401,122.04942212786247,E004,synthetic,True,synthetic_range,Auto-generated for development; not experimental data.
S0037,Tantalum,Tantalum,ZrO2,PEO,phosphate,constant_current,DC,air,sandblasted,17.816560785437243,17.18689666587335,38.080121182090174,530.113002261484,4548.967725019973,37.106374101441396,95.27062002814044,72.14968069288177,2.770993750312275,163.2565285716604,5.134718262983396,200.0,5.1126644580316665,32.09907851428183,2.0,221.95794397339336,20.04349069366958,0.2997774106486651,61.54313572370678,19.148325469723055,17.48211918407689,239.01559811903618,E004,synthetic,True,synthetic_range,Auto-generated for development; not experimental data.
S0038,Tantalum,Magnesium,none,PEO,NaOH,constant_current,AC,air,sandblasted,0.0,0.0,25.84223986674701,113.94119217615818,1081.9465434148733,73.7156809087513,68.80492104330537,67.9533072952506,4.8584966490624,229.81324767698783,5.389659411433673,200.0,11.021798635361353,5.552023866362413,7.0,,28.478727753260973,0.37794363781949614,45.51055235836196,7.364909752130887,0.09006772679690478,84.27368669264936,E004,synthetic,True,synthetic_range,Auto-generated for development; not experimental data.
S0039,Aluminum,MgO,TiO2,electrodeposition,mixed_oxide,constant_voltage,AC,oil,polished,4.396001147833585,23.37719753080298,6.320146612879978,224.5021127777253,4971.393369579204,21.630701640335523,40.32009877113332,67.76531508567524,2.0052759197330188,239.56394550121524,1.237725810383041,350.0,4.517617526063286,23.39658732686385,7.0,118.99129781668616,27.09092278102532,1.0306608744945334,25.91660875984082,4.741293541132485,4.457992108761919,131.0518567536219,E004,synthetic,True,synthetic_range,Auto-generated for development; not experimental data.
S0040,Zirconium,Magnesium,Si3N4,electrodeposition,silicate,constant_current,AC,furnace,polished,6.200075096884837,9.666085074463462,26.569061071105093,399.0723205754283,3023.7435664779546,68.18687107219299,74.97179252628216,45.09673108577623,4.508506789145132,261.56521585311486,,350.0,3.372617298957657,8.301994417504204,5.0,47.496754545776966,20.40575663653068,0.6781062866893363,39.41113813553453,9.00145962782819,10.156883993151238,88.7830562588246,E004,synthetic,True,synthetic_range,Auto-generated for development; not experimental data.
S0041,Magnesium,Al2O3,graphene,plasma_spray,aluminate,constant_current,AC,oil,polished,19.455368454052273,20.90478113316886,21.81194743963931,160.77924969296515,421.7244721915564,51.74195525203934,43.191636601715544,68.29934660562023,3.738595464790719,143.70078020436182,4.523688299659958,350.0,9.042915539766673,15.366973564793298,4.0,119.1529488996587,39.231276447726884,0.7805749455068247,50.533984367248834,5.280128100899439,4.8787349817909895,234.28261293029104,E005,synthetic,True,synthetic_range,Auto-generated for development; not experimental data.
S0042,Tantalum,Magnesium,Si3N4,anodizing,mixed_oxide,constant_voltage,AC,oil,sandblasted,14.309597491802789,1.924728227908298,43.50709001850103,212.38531431724041,326.38617239329926,11.430204836490102,56.561142092772755,59.89581284638453,4.678376611335075,131.75942306334525,6.544912588498571,150.0,11.414996909881006,11.416559788859105,1.0,220.56215384582396,12.728835810848594,1.073220358153237,28.974968338384013,16.797527239005934,3.5505345479004147,198.83424138386843,E005,synthetic,True,synthetic_range,Auto-generated for development; not experimental data.
S0043,Zirconium,Aluminum,Al2O3,PEO,fluoride,constant_voltage,AC,air,as_received,12.405179082169582,18.508785796260685,35.16256988374405,61.64553000234664,374.6084812973438,33.309534903181515,104.20637446160548,23.609340879373285,4.585109237431069,228.58552537362988,2.951709494841832,350.0,5.779921596230795,33.32830827801117,2.0,184.7493051449868,36.6426153412725,0.8000776960298179,41.37275607886176,12.322391346864539,1.9969205170206514,224.9112486481842,E005,synthetic,True,synthetic_range,Auto-generated for development; not experimental data.
S0044,Aluminum,Aluminum,Al2O3,plasma_spray,fluoride,constant_current,DC,furnace,ground,6.498755465770542,24.711762975106655,30.002380272882938,126.76084046559944,2949.4637364547593,91.20748847936113,81.83914483880395,22.42198626419381,4.959634122617313,195.45121478511146,3.991607528174659,200.0,0.5989569890226056,6.633604581251656,1.0,48.14021385241264,45.001180326080835,0.39464102899781117,67.98278544593467,9.915216659320796,3.644355363056455,112.15980361496345,E005,synthetic,True,synthetic_range,Auto-generated for development; not experimental data.
S0045,Magnesium,ZrO2,graphene,anodizing,KOH,constant_voltage,AC,air,polished,6.332940311247184,21.17262549638103,29.731942855994717,331.1647472088719,,36.84567623252086,92.67621156604238,65.17493883575159,1.092545384167209,207.95038658795414,2.600995453728423,200.0,8.413717311969606,26.200987575792954,6.0,65.17958393975869,12.2840443914296,2.420128117352188,26.774304458041403,11.621392507002227,8.093766936861858,56.32819647860776,E005,synthetic,True,synthetic_range,Auto-generated for development; not experimental data.
S0046,Tantalum,Magnesium,SiC,plasma_spray,mixed_oxide,constant_current,DC,oil,ground,1.270710564459494,14.51263474678598,58.011516348364715,376.5450331520914,2014.8137088525286,25.42362870062246,72.10175841900127,55.655165770240046,4.082073764412177,188.88072677645883,3.096507114502869,500.0,5.273199218585666,39.37189188727051,1.0,116.30786795565102,30.376274106732648,0.1235394753083413,78.43977011971177,20.955765891125278,8.708690399926086,115.26250751516199,E005,synthetic,True,synthetic_range,Auto-generated for development; not experimental data.
S0047,Aluminum,Tantalum,SiC,electrodeposition,silicate,constant_voltage,DC,water,polished,14.705396404587662,15.687813304962658,45.62135908050358,374.4559155479185,2224.178796409309,25.94017295863771,119.01077562184642,48.759447617439534,4.120224597263764,243.17325580096363,2.116808003024925,25.0,0.0,27.795128746891706,5.0,52.302518190902106,26.504380734404357,1.0964515163476465,54.46008123514452,15.824669593210242,11.078178885097136,150.84411208186236,E005,synthetic,True,synthetic_range,Auto-generated for development; not experimental data.
S0048,Tantalum,MgO,graphene,sol_gel,silicate,constant_voltage,DC,furnace,ground,1.3419168886092485,8.864574258451823,30.32179406714754,439.18023538910836,2946.43851832314,50.733127494565665,32.76215762345266,73.97201640517383,3.3996808768031905,97.51022212303829,3.141540773016343,250.0,3.693739932035841,4.090106071271428,7.0,235.4890622385196,10.283801042218801,0.7213127537122241,29.708427428475797,10.38097710249326,10.917632887715808,134.65960620945944,E005,synthetic,True,synthetic_range,Auto-generated for development; not experimental data.
S0049,Zirconium,MgO,graphene,plasma_spray,fluoride,constant_current,AC,water,polished,0.5947180866569413,17.00315619553969,29.27413416044968,257.64070686939573,2665.2030239317787,81.62518545699547,35.16348348266369,57.87337319662921,1.754874312071909,188.9280331853492,0.10035953241092488,250.0,,36.40613057653847,3.0,173.5042498187927,30.47101781834809,0.24282473101386606,70.85119308939016,5.323443737064021,5.674450286938236,171.44379921607526,E005,synthetic,True,synthetic_range,Auto-generated for development; not experimental data.
S0050,Tantalum,Al2O3,none,PEO,phosphate,constant_current,DC,oil,polished,0.0,0.0,2.5622669769928432,186.74535812057775,3440.3086655063507,74.43015003633445,15.644277954908281,40.749538430739506,4.843167222327418,89.52544723590745,1.7121986753929865,200.0,4.461706515574443,26.08010742989425,5.0,50.86106028686791,39.15738568106225,0.5899051093789303,33.97026836758351,5.7785937947463,4.860816855532631,73.66970979448793,E005,synthetic,True,synthetic_range,Auto-generated for development; not experimental data.
S0051,Tantalum,ZrO2,TiO2,anodizing,KOH,constant_voltage,DC,water,polished,19.003038264407945,24.955800603890456,56.608046535868596,57.79035002126249,2358.928600815133,47.13242064071082,68.7122427381317,41.90556753145195,1.419899620505943,151.81298482274798,0.34826339572888143,450.0,8.605111940048827,18.796128204602937,7.0,203.37264172370135,34.503476560202735,0.5150386610367136,39.1335110636638,12.770454659129179,1.7900085295343895,255.13426696763744,E006,synthetic,True,synthetic_range,Auto-generated for development; not experimental data.
S0052,Magnesium,Tantalum,Al2O3,sol_gel,aluminate,constant_current,AC,oil,polished,15.251809430682554,12.336949779160804,19.83126433427245,153.31491302619344,3569.3034253203377,27.741785092141647,75.5363121869623,54.34088345314302,2.7480892026129755,215.99845585401872,0.9526226327314122,300.0,5.020802754605676,26.728006663103624,3.0,111.04930428582743,31.967203154323865,2.409437835577442,15.958613114858636,6.534750490735144,2.9995486660875876,161.35207904944448,E006,synthetic,True,synthetic_range,Auto-generated for development; not experimental data.
S0053,Aluminum,ZrO2,TiO2,plasma_spray,aluminate,constant_current,DC,furnace,as_received,9.696983717175383,1.5795364410473847,16.100405830963883,206.19390610101863,4986.553712733171,13.915516508686245,88.48558088336428,64.41789350461265,2.8466920076863382,173.2679020785426,1.7541057619405893,400.0,3.0205026060120987,35.28272888843284,4.0,83.87154180170859,56.656487597384356,0.37966649533896063,57.414181367922794,5.3073161528124855,4.133036634366427,217.67143791892715,E006,synthetic,True,synthetic_range,Auto-generated for development; not experimental data.
S0054,Aluminum,Zirconium,ZrO2,electrodeposition,mixed_oxide,constant_current,AC,oil,as_received,9.977882366437024,14.916655870738081,59.96512659787261,139.10342824023274,1751.4892112438247,49.32357715603214,43.57628148416502,51.682964951693066,1.2282320517621748,144.89788416804532,2.2537240708099184,250.0,5.836078937542167,19.607961888694724,2.0,155.39668722673204,30.06197660893206,0.9154534333128665,40.0177667574677,12.484416302787414,3.407824162352725,153.4586197319032,E006,synthetic,True,synthetic_range,Auto-generated for development; not experimental data.
S0055,Aluminum,TiO2,none,plasma_spray,fluoride,constant_voltage,DC,water,ground,0.0,0.0,43.40269061876694,60.072235748301125,61.07731457675403,79.2559046240463,6.409532214478128,48.06945734424668,3.751379700499584,271.2425003539015,4.213382609147524,500.0,9.152008017931433,21.72153782967694,3.0,32.941869286519086,50.359621684950596,0.5359616666325348,56.09501985180488,10.682651634057777,1.9572059986392087,73.5721978685976,E006,synthetic,True,synthetic_range,Auto-generated for development; not experimental data.
S0056,Magnesium,MgO,ZrO2,PEO,aluminate,constant_current,AC,water,polished,6.8305515086515065,6.1568878367249456,3.794462624657991,128.7238043325958,628.1252277582738,72.02296945551666,77.7063967651568,62.24854567252182,0.8999022388110789,243.2064286243696,2.5440351268482546,400.0,1.8734804981115192,18.645448569500186,7.0,132.3874852229361,32.80232433840333,0.9203583829720908,39.61373575822886,6.06551442381303,1.9707240526439327,152.55406210323957,E006,synthetic,True,synthetic_range,Auto-generated for development; not experimental data.
S0057,Zirconium,Al2O3,TiO2,sol_gel,fluoride,constant_voltage,DC,oil,as_received,10.673427176623884,8.253058787078144,4.65124314450901,383.04977678378617,2767.570924934769,44.73106524831628,119.84998163984402,60.84219574395736,3.6189400048101996,181.57269625009374,1.1394943992221864,200.0,8.45514838693645,3.8310656266229435,5.0,215.6370984809373,10.436307613192175,1.2210275534587323,16.68739505933376,3.6799883118254697,11.688554902968779,161.49596519561544,E006,synthetic,True,synthetic_range,Auto-generated for development; not experimental data.
S0058,Magnesium,TiO2,Si3N4,electrodeposition,fluoride,constant_voltage,AC,water,sandblasted,8.907443664251744,18.289195335052845,2.5045922736516744,364.7927082362979,,60.549727112996024,38.873175685849134,68.97254463988146,4.318769733307866,287.513288918872,6.152294454432482,500.0,8.174456273745394,31.69573495016698,2.0,234.17267111682503,41.07709920032022,1.0915532480110366,30.574073301703844,1.918717620489982,9.921933821624785,202.2269296732445,E006,synthetic,True,synthetic_range,Auto-generated for development; not experimental data.
S0059,Zirconium,ZrO2,Al2O3,sol_gel,aluminate,constant_current,AC,air,ground,12.164273660795107,4.636012690768588,36.377515071259275,517.8418196990212,4699.912968524963,47.0809542804285,26.15246203393727,19.06586610802414,2.072283912870798,156.09132235874847,4.965863535983995,450.0,4.76348561637832,5.930058002031719,4.0,105.36203497161675,21.45090930379383,1.173568638249318,25.53050966887709,12.652618559680102,14.4321636153734,165.94881552995534,E006,synthetic,True,synthetic_range,Auto-generated for development; not experimental data.
S0060,Zirconium,ZrO2,Al2O3,sol_gel,aluminate,constant_voltage,AC,water,sandblasted,18.01334156977134,4.185536023716695,5.222305503655157,449.08414569865465,3137.2304505369148,59.216369332165115,37.403200150030614,64.07188858532862,3.6923936386964007,247.0182318970265,6.694532727117561,350.0,11.658866200864185,16.3882304012441,5.0,171.33604939630976,20.06098083782001,0.7603948546238788,23.86838247295992,6.765804659830898,11.02914505983831,245.8854860335068,E006,synthetic,True,synthetic_range,Auto-generated for development; not experimental data.
S0061,Tantalum,MgO,Si3N4,anodizing,mixed_oxide,constant_voltage,AC,air,ground,19.902683637814302,1.1718578503457453,56.069913053850904,333.8780584205956,2601.7759298273395,53.98794577345168,53.92277959936043,48.39442931185985,1.2054830366653242,91.98405995035448,,25.0,0.0,16.08609097870144,1.0,79.90115644114339,1.0,1.0195820174592132,34.79848157574664,21.406057662529015,7.664245722548667,182.75038600360344,E007,synthetic,True,synthetic_range,Auto-generated for development; not experimental data.
S0062,Zirconium,Magnesium,graphene,anodizing,silicate,constant_current,AC,air,ground,2.035494152716884,21.837336412029327,56.277485861338,118.77817374660566,3990.1975063600935,67.88216101063851,33.85498682954494,19.855052802154873,4.306770506537954,121.44811927764924,5.454077012525528,350.0,4.1358570292238035,11.92159089138278,6.0,153.24687561663598,26.69468989921481,1.04932882257824,34.346450565718676,12.748579258015655,2.103019745350148,86.25377261295216,E007,synthetic,True,synthetic_range,Auto-generated for development; not experimental data.
S0063,Aluminum,Tantalum,SiC,anodizing,KOH,constant_voltage,AC,water,sandblasted,8.001327716896157,17.352960337683715,33.217189938136706,332.03590946257845,1292.9493552454758,53.15525170031554,44.900402917265936,59.135651831018784,4.784142643489511,134.52139533348873,4.959771537673804,400.0,0.8575475740291955,16.69777790988232,2.0,85.88609975370159,25.902894198101944,1.6508029811351075,29.872351804225374,12.250486287989652,8.0761309003374,100.90794226966554,E007,synthetic,True,synthetic_range,Auto-generated for development; not experimental data.
S0064,Tantalum,Aluminum,graphene,sol_gel,fluoride,constant_current,AC,furnace,sandblasted,4.023770817452784,1.046664317159781,37.3816969523611,80.79753045709037,4098.692701411798,89.95193484424247,78.3937749366267,61.57511261012628,1.187121620748996,76.45518817613082,7.1792670082379395,250.0,4.045505277568381,25.102355304914713,3.0,155.69843189803964,22.629210733228412,1.0295582310498856,20.15338923480852,8.476646083538416,0.05,135.41679149260727,E007,synthetic,True,synthetic_range,Auto-generated for development; not experimental data.
S0065,Aluminum,TiO2,Si3N4,plasma_spray,phosphate,constant_current,DC,furnace,as_received,7.366349241547907,0.7558930256709587,18.22176968998974,265.4424487054264,15.305524320464725,46.382395434443325,44.67821848690069,49.03576602040449,3.613367632875495,175.45120376901696,6.598180971758422,150.0,2.8543023392219973,13.144105176100759,3.0,67.77886580451081,32.9850144230381,0.6396056564493441,55.51837348335609,7.802561929710195,6.429825196681496,153.1990369063808,E007,synthetic,True,synthetic_range,Auto-generated for development; not experimental data.
S0066,Aluminum,Aluminum,Al2O3,plasma_spray,silicate,constant_current,DC,water,polished,6.105723861694249,13.988923697052648,4.774380002088126,245.1293144735977,3098.3868106785885,11.352885758375429,50.54677865012029,66.59693354723458,2.7762399345043662,98.06503353162393,1.1481085099702921,350.0,6.793397011547317,7.727965570232781,4.0,237.07116248736355,42.07611754607544,0.5989089387186763,42.68234339744869,3.60022327474762,6.607110742742213,178.94814224366678,E007,synthetic,True,synthetic_range,Auto-generated for development; not experimental data.
S0067,Tantalum,Aluminum,ZrO2,sol_gel,fluoride,constant_voltage,DC,water,as_received,3.9034740667223717,7.09923331210344,44.510166266317114,263.9069046814708,4673.785755228895,30.091750509763685,9.603595221915354,34.516127060904594,2.891746993245704,208.54647236241465,6.094259160729638,450.0,11.065560843594778,34.9053329097834,7.0,225.12184480960417,8.170569983275085,0.9431066347688134,23.428946345876145,16.44489809057726,6.135713478304447,132.99086667618803,E007,synthetic,True,synthetic_range,Auto-generated for development; not experimental data.
S0068,Aluminum,Aluminum,graphene,electrodeposition,mixed_oxide,constant_voltage,DC,air,polished,15.399483041715165,14.938322443276624,7.005373336192029,189.9129591973936,3939.29976016935,52.55158293906575,110.56338768663002,28.12396920454335,3.6792037337030967,97.52308989325456,3.9755887267967855,200.0,10.508881365431497,38.86247334442828,2.0,104.12201487874476,27.47205234271371,1.0800019215951138,29.501510643815454,5.18385692204179,3.591752144089565,183.73423216465065,E007,synthetic,True,synthetic_range,Auto-generated for development; not experimental data.
S0069,Magnesium,Al2O3,Al2O3,sol_gel,aluminate,constant_current,AC,furnace,sandblasted,10.177630485170098,10.893374183240086,6.047900820085195,392.91522381191186,4268.170960736797,55.94860741053627,51.79188539020817,37.7977068633131,2.6993322470139676,80.87656433481884,6.077212786666404,300.0,4.0170352901455075,18.8847691311765,2.0,200.86583556348737,22.22027396637394,1.8666627652032197,17.91652430732303,4.246957855639901,9.63926435528737,195.7923714755906,E007,synthetic,True,synthetic_range,Auto-generated for development; not experimental data.
S0070,Aluminum,MgO,none,sol_gel,aluminate,constant_voltage,AC,air,ground,0.0,0.0,19.362163443049205,470.47223364938975,1984.7734758575025,56.952707091524545,42.73650434400135,41.65328336423854,3.2014687640797255,292.2716818997311,4.8880565506223395,25.0,0.0,13.753768781438847,3.0,51.0109087610828,1.0,1.5429737177960265,28.880068161193982,13.627951696559755,13.601629129864572,10.393542179630176,E007,synthetic,True,synthetic_range,Auto-generated for development; not experimental data.
S0071,Tantalum,TiO2,graphene,PEO,KOH,constant_voltage,AC,furnace,ground,1.1355526433167826,7.230834923286129,1.7354739304350415,434.2584962994888,4121.1947305006315,70.73692835295698,14.945682568219217,60.23568415614098,1.5390545873511974,214.56007645277657,1.8667210585298157,400.0,0.9202352894150143,2.851801033350944,7.0,192.87939991519326,46.57655552674172,0.1616174717958232,41.65396423044863,1.854700828118363,11.085080235137546,148.5924384811908,E008,synthetic,True,synthetic_range,Auto-generated for development; not experimental data.
S0072,Magnesium,Tantalum,SiC,anodizing,phosphate,constant_voltage,AC,furnace,as_received,1.8060712560738035,16.99467694255039,26.608101329622645,363.87604789544014,2754.158325151333,33.34509212248987,77.93106977044611,69.95879596208479,2.2032796841988365,284.11272867712216,3.360324298735553,450.0,6.757880337965219,2.4372100837920723,7.0,92.14100851479492,32.970834979439644,2.201997099810364,30.297411191283103,14.886693390645545,9.279218611788671,95.27917240853608,E008,synthetic,True,synthetic_range,Auto-generated for development; not experimental data.
S0073,Aluminum,Zirconium,Si3N4,electrodeposition,aluminate,constant_voltage,AC,oil,as_received,8.36383486714171,1.3986550748840498,42.753173694724524,319.17239966650664,3092.7011825159943,66.51681271852556,104.33986928033181,61.859682355113975,4.393581575321759,172.471947998308,4.776308624301455,400.0,1.2287317705833818,16.32239783017068,4.0,59.841189108689704,34.842360712962204,0.8913126311866395,44.13721407501994,14.90665821321721,7.542921552378933,138.1895454496848,E008,synthetic,True,synthetic_range,Auto-generated for development; not experimental data.
S0074,Magnesium,Magnesium,TiO2,sol_gel,aluminate,constant_current,DC,water,as_received,2.065407747878724,23.898720328013688,48.2795869538944,65.5420900040152,294.5766966790175,69.84274321513308,9.732618006026035,26.309191339524098,0.9945613024177352,,5.3530467731046185,250.0,11.293970911634647,37.27943871373766,5.0,,14.410265978423729,2.8131435768378577,22.167015171183202,12.921412013270114,2.470298747586172,93.74048147514013,E008,synthetic,True,synthetic_range,Auto-generated for development; not experimental data.
S0075,Zirconium,Magnesium,TiO2,PEO,phosphate,constant_voltage,DC,furnace,polished,5.623227130089253,24.519898824313387,36.65413092413635,411.46699934596063,1007.7584858719607,44.95886397277024,21.70633374709408,38.804110512016734,3.1890886742013795,193.59279260786099,4.4904489056799255,25.0,0.0,29.497633192661013,7.0,133.35749992026564,14.3060998488275,0.4623916163361023,65.24158334215504,14.553460644913052,11.691031443382732,120.10315454713525,E008,synthetic,True,synthetic_range,Auto-generated for development; not experimental data.
S0076,Aluminum,Zirconium,SiC,anodizing,aluminate,constant_current,DC,oil,ground,19.72757998999416,18.48991199395949,50.96557798372084,322.4914697892487,2754.822077567763,44.18437342743737,21.83483032191384,25.29689137410557,1.329291780057006,189.5822217089271,4.767487391889763,300.0,2.9631577040312846,14.621507335960224,6.0,146.63071238069767,13.354438090922763,1.1402861342618285,38.44567477657452,17.720583493006878,8.259931813973623,198.10372737164977,E008,synthetic,True,synthetic_range,Auto-generated for development; not experimental data.
S0077,Aluminum,TiO2,graphene,plasma_spray,silicate,constant_current,AC,oil,as_received,4.574712345949974,11.65705116551115,24.983630022259508,185.37052533194344,294.00528911748825,25.208606780798227,74.26160836499618,59.637072971273334,4.309428190655174,53.743901484148495,5.255903783878933,500.0,8.542739818413523,38.75381058210038,5.0,144.5165525103426,55.945022391000904,0.27419871325363276,59.05446197929972,5.406032283484404,3.2952588781407766,170.27946078865915,E008,synthetic,True,synthetic_range,Auto-generated for development; not experimental data.
S0078,Magnesium,MgO,SiC,electrodeposition,silicate,constant_current,DC,furnace,sandblasted,4.363295957535769,5.53883631121517,51.077553018568125,213.92101942672082,3707.234032938566,45.18892698170677,110.94150781261241,31.131172084098118,3.105697792340974,265.3105111004579,7.145667389146984,25.0,0.0,17.7215582269735,4.0,43.0785560633243,7.740122612525004,1.4349435626584282,55.72745421213034,20.013896485925155,4.914274767382743,70.9557691713701,E008,synthetic,True,synthetic_range,Auto-generated for development; not experimental data.
S0079,Zirconium,TiO2,Al2O3,PEO,KOH,constant_voltage,AC,furnace,ground,11.685993041516326,20.322282689186718,30.881925319404377,517.8033932348707,4200.285042609508,76.87938479509606,55.343362212533606,49.15015063537004,,204.99267015410618,0.6539088517828295,150.0,9.715613693936104,11.794917015011183,7.0,41.30365480038894,37.50146402181132,0.1188058686086394,72.7901150326008,8.096857218354451,17.418719765397213,167.18374311885577,E008,synthetic,True,synthetic_range,Auto-generated for development; not experimental data.
S0080,Zirconium,Magnesium,Si3N4,electrodeposition,NaOH,constant_voltage,AC,air,as_received,10.210966670466556,18.422034723818207,14.159131551899423,362.18112255861354,4601.811806474025,87.26270547174013,44.53774154229282,66.46893980765448,1.6242110314331808,236.17279234403654,6.607005098362509,450.0,5.969999227642479,17.62777654424993,2.0,162.25685086858132,32.39093695315174,0.5135468725459289,39.43353085220346,7.217122560066407,9.726660800305824,170.49949255769374,E008,synthetic,True,synthetic_range,Auto-generated for development; not experimental data.
S0081,Tantalum,Magnesium,ZrO2,anodizing,fluoride,constant_current,AC,furnace,as_received,11.818546795455473,5.587753287045679,56.70459315296749,287.9562173287642,508.84229589902964,60.45712126202706,93.0716788436195,58.61105286990498,2.465801146353355,173.48027653937865,1.3787297439983672,350.0,2.705377662656447,9.250185852369478,3.0,167.25022131819165,20.388764843664884,0.44070899995844676,40.182874108341295,11.73757736885732,7.762669449509874,193.10129710803915,E009,synthetic,True,synthetic_range,Auto-generated for development; not experimental data.
S0082,Aluminum,ZrO2,ZrO2,anodizing,NaOH,constant_current,DC,furnace,polished,7.846337925066661,11.30782158922378,17.223281556389875,360.46086985420385,4698.601240114001,35.44647918511539,90.39544210189992,34.39430939323363,4.809255466647841,204.60060947706575,2.5781690990323183,150.0,7.8581991014125645,35.53991203783103,5.0,40.37840243332521,26.864859394478778,0.9707481638730445,35.34099863473623,6.478523712821974,10.16436888155685,122.61838724186532,E009,synthetic,True,synthetic_range,Auto-generated for development; not experimental data.
S0083,Magnesium,Magnesium,ZrO2,plasma_spray,aluminate,constant_current,AC,air,as_received,16.62186601795147,11.596833498528788,2.5458875670797934,256.8711624928285,338.10003814647496,67.99462608607718,,36.636338790062155,2.7914418038462925,114.36747330713105,,25.0,0.0,15.085759106289922,1.0,113.25665301531991,31.436541239108838,1.059017832752396,44.793788777804764,3.7603395129384456,6.397139600953363,222.55102493227662,E009,synthetic,True,synthetic_range,Auto-generated for development; not experimental data.
S0084,Tantalum,Magnesium,TiO2,plasma_spray,phosphate,constant_voltage,AC,water,as_received,3.2023207531280256,20.66894322181909,15.31776853434659,285.0911366015081,2370.281079639077,72.91242773916034,23.495031665406895,57.468678629197065,2.612702892649371,293.4394419421618,4.351205753669006,250.0,7.222761898436854,26.660789615278535,4.0,164.82728150329402,30.176215779823032,0.24664980642785087,54.78944469267548,11.764461671961204,6.772846504793887,146.36158341090078,E009,synthetic,True,synthetic_range,Auto-generated for development; not experimental data.
S0085,Zirconium,Tantalum,SiC,electrodeposition,NaOH,constant_current,AC,furnace,sandblasted,8.85365659390858,17.11192487413521,22.634566114188235,195.1546283538352,4201.2551031390585,38.2380861963563,46.14815372776598,50.71540370709637,3.858232160751391,150.18000188691627,3.801647303488745,350.0,2.9461052628412623,16.172840754259376,6.0,174.46974426567678,46.32644449452484,0.5421599108555862,36.91565480858083,5.076050073426366,2.5682519827523755,159.1336770135993,E009,synthetic,True,synthetic_range,Auto-generated for development; not experimental data.
S0086,Zirconium,TiO2,Si3N4,anodizing,phosphate,constant_voltage,AC,air,sandblasted,13.950356044659697,16.097030211324377,21.72963131406658,269.92665029582224,351.55569282227685,80.25656822661148,94.19439010606258,21.265576685552887,2.20571181874358,90.58165533440727,1.9814956458640824,450.0,8.376769026920943,36.16752530059454,2.0,212.22066704084133,29.12351177721279,0.9023005785638576,30.26953302048286,6.581998060034512,7.156905968578366,230.26513074632763,E009,synthetic,True,synthetic_range,Auto-generated for development; not experimental data.
S0087,Magnesium,Al2O3,Si3N4,sol_gel,fluoride,constant_current,AC,water,polished,17.430610585516543,16.263194192953797,31.955383057170728,392.7961162189552,91.15536494491816,16.26414573175891,84.93228984022251,71.8094533027805,2.4234077744635734,63.978854593656834,3.1238891496427117,450.0,10.022496359873248,26.052849316909576,6.0,122.5611023913138,19.241183306310283,1.6726679066540413,30.17559116676793,10.684643480219702,9.556565372015633,202.6725067962495,E009,synthetic,True,synthetic_range,Auto-generated for development; not experimental data.
S0088,Aluminum,Magnesium,ZrO2,PEO,phosphate,constant_current,AC,oil,as_received,7.706646323956774,6.798228480592848,53.10448604011948,69.9709625432346,124.73859353325345,10.91406599600217,81.5731762309636,48.31986112348586,2.0162647920722856,209.0429832713428,5.314068197774767,300.0,1.7595343867438333,20.04182372097068,3.0,,27.07335126972876,0.7056026155558408,53.08818572471599,12.559894214508313,1.9598231438743505,166.20529499478286,E009,synthetic,True,synthetic_range,Auto-generated for development; not experimental data.
S0089,Tantalum,ZrO2,graphene,sol_gel,aluminate,constant_voltage,AC,oil,as_received,11.571039182328178,9.324195932746875,,,2556.3511971801677,20.45251567372447,100.38428441876844,45.76846585783525,1.1791388989822613,295.84496279411394,2.02769394035789,250.0,5.103088349708812,6.153575798072201,7.0,157.2832826339398,22.600334331234325,0.6017502279657352,31.984558963466547,7.034858847481466,13.21359704082124,164.76052732389778,E009,synthetic,True,synthetic_range,Auto-generated for development; not experimental data.
S0090,Tantalum,ZrO2,none,PEO,NaOH,constant_current,AC,furnace,as_received,0.0,0.0,31.725465869590963,191.48977043065642,4057.9837229833147,23.260709565338324,36.86998591926028,27.89855688109705,3.712141463911928,,5.0971766439217365,500.0,8.935498259423962,36.174749851235966,5.0,98.64996232607018,43.01461401597293,0.5394199478153959,43.77246713196975,10.825909200430333,2.308783418802501,70.44744248619052,E009,synthetic,True,synthetic_range,Auto-generated for development; not experimental data.
S0091,Aluminum,ZrO2,TiO2,electrodeposition,mixed_oxide,constant_current,AC,air,sandblasted,3.8212222181806643,19.684181338512488,21.068198267620282,391.2798967162499,637.1333553629981,84.70896780055631,44.06362842899366,39.50459823308492,4.428639112476307,225.5261418716034,2.556380539971624,,2.3825852074668727,22.325857862599065,2.0,41.84158853715455,27.319006361014072,0.7678951324777439,39.716043257261404,7.643588729939836,9.255200035364252,90.81105205908452,E010,synthetic,True,synthetic_range,Auto-generated for development; not experimental data.
S0092,Tantalum,TiO2,TiO2,anodizing,aluminate,constant_current,AC,water,ground,1.8481941680892324,10.853305468486855,49.48461050301883,371.36265734003,623.0512703977031,46.123444688808874,9.86903682005524,36.63361605048144,4.575166921592445,297.64948224821524,0.4106390509601314,,7.015022205410701,12.117065945495284,6.0,30.929703765123023,1.0,1.1307615909539577,31.879544397194717,22.864958139011073,11.568469178118931,35.73491325403976,E010,synthetic,True,synthetic_range,Auto-generated for development; not experimental data.
S0093,Tantalum,Aluminum,Si3N4,anodizing,fluoride,constant_voltage,DC,furnace,polished,14.693677393971177,10.98404700933496,10.298489284020224,376.3140245706527,2842.734275248958,33.36919381748244,104.90576421740634,32.59781938391274,4.463613221170009,230.70706551052663,0.16944327249599989,400.0,8.226148291570816,35.23914878085146,1.0,213.94759154607547,30.88876280704166,0.5902216594890969,25.294601982887364,4.916819968585005,9.612378808538507,229.93067778240643,E010,synthetic,True,synthetic_range,Auto-generated for development; not experimental data.
S0094,Aluminum,TiO2,Al2O3,PEO,KOH,constant_current,AC,oil,polished,6.117169390081743,6.171638810093986,7.1071058302934516,354.06445812790145,1171.4780040596183,46.471384858879645,71.97941951605048,51.881427352040255,2.533027110970968,134.812780850349,2.8345629668305765,400.0,4.580126483252895,3.123176668381904,2.0,74.051000954925,36.567502382697796,0.5910918990252967,36.6115579250965,2.37963242995023,7.903203325273006,142.52790766133515,E010,synthetic,True,synthetic_range,Auto-generated for development; not experimental data.
S0095,Tantalum,Zirconium,Al2O3,electrodeposition,KOH,constant_current,DC,air,as_received,14.613033158740837,5.275210672412751,30.676719941018504,529.5509190347675,3651.0686757243693,43.56147587955374,39.28406356662473,45.04789841821833,1.7782978649143832,200.3045332650433,5.594865767946959,200.0,10.067796153329912,13.248999775853294,7.0,168.6560261150098,19.65485699901696,0.46003079266122215,53.08441497811585,15.256912071164788,15.870089570945915,210.02421453536948,E010,synthetic,True,synthetic_range,Auto-generated for development; not experimental data.
S0096,Aluminum,ZrO2,none,PEO,fluoride,constant_current,DC,water,sandblasted,0.0,0.0,40.64136756016402,304.17208134769544,4748.176940883749,35.62424177898144,12.982901116677038,72.79784954545337,,69.94166062139038,5.0216728386955,500.0,6.372569128037209,21.936307646883755,7.0,156.9504453016623,34.211126252758646,0.5012827473125743,53.15635441842013,14.564795155636958,7.041965688031936,122.22012819985335,E010,synthetic,True,synthetic_range,Auto-generated for development; not experimental data.
S0097,Magnesium,MgO,Si3N4,electrodeposition,mixed_oxide,constant_voltage,AC,water,sandblasted,17.319682107962347,5.85219772933171,47.93598686435522,416.1595577576757,3830.167033002065,,88.19209286368286,76.18735850806546,4.796172103577143,105.4206225556352,6.275173572807645,200.0,7.710440659315864,14.252759105688428,1.0,117.91927688291418,1.0,2.0954429299927404,48.4265891774272,25.011627745234573,12.261620246923009,192.58920737175384,E010,synthetic,True,synthetic_range,Auto-generated for development; not experimental data.
S0098,Zirconium,ZrO2,Si3N4,electrodeposition,mixed_oxide,constant_voltage,AC,oil,ground,16.79283886316629,1.652010846558337,35.78786632141367,402.72466561728885,4385.876831894582,65.75281426777985,,29.265772899825905,3.7717279167587225,154.38505898212304,3.0897163123151787,300.0,2.120037162104955,19.592635959775457,3.0,213.36852791413943,30.423733470718602,0.6760914919316501,48.05055574399993,10.739972691626958,8.732822586553626,259.4549832338421,E010,synthetic,True,synthetic_range,Auto-generated for development; not experimental data.
S0099,Zirconium,Al2O3,none,sol_gel,fluoride,constant_voltage,AC,water,as_received,0.0,0.0,46.65713591782104,168.13378863916518,2597.9302878583517,21.611374236270706,81.61054499322759,21.506852869868684,2.7268185271557046,100.45462339076131,5.704195359356072,300.0,0.7663420071256941,11.308333840908372,1.0,183.64835105254338,14.322560734256026,1.2610691905883806,24.42594651908805,14.682111356073609,4.650659071811751,84.99294215451155,E010,synthetic,True,synthetic_range,Auto-generated for development; not experimental data.
S0100,Magnesium,Al2O3,TiO2,electrodeposition,KOH,constant_current,AC,oil,polished,0.9632518759151372,9.442912388438831,24.169893455094503,191.6529195934128,4161.596521087667,75.91107847717731,28.434811658873897,66.0469408467037,3.599638585310517,288.37525370704265,5.061482756686474,400.0,1.0836085644873423,6.073240546382989,2.0,35.003121956618045,22.37301804147272,1.9448139613582927,22.92496216419416,7.83424178192902,4.7583824261477385,85.23260634410701,E010,synthetic,True,synthetic_range,Auto-generated for development; not experimental data.
S0101,Tantalum,MgO,TiO2,anodizing,mixed_oxide,constant_voltage,AC,water,ground,1.5976318531488278,9.536877818287646,2.9391925457216694,262.00854907848395,914.5159199334119,,110.01984672848955,79.66599123650958,3.9764206060447864,298.8993816861623,1.9066628670125252,500.0,10.895081704279482,2.437311406057217,7.0,200.87269613847064,29.029488146860754,0.5092793021918863,24.27705211960341,4.000563409460924,5.366925949578258,141.35126485162888,E011,synthetic,True,synthetic_range,Auto-generated for development; not experimental data.
S0102,Magnesium,ZrO2,TiO2,electrodeposition,phosphate,constant_current,AC,oil,as_received,17.145788376361313,10.811391123818995,7.849859166191836,188.8489652316046,341.7394519781369,72.1665611063315,91.61317218740078,71.13400454052001,4.6367116759763185,142.73398003041638,1.8846588438686789,250.0,10.650387418854889,7.148216031573535,2.0,141.5397399603877,36.377816499944714,1.220855688141946,35.47937154616276,5.972639802739373,2.9824076266042137,213.6815032621793,E011,synthetic,True,synthetic_range,Auto-generated for development; not experimental data.
S0103,Tantalum,Al2O3,ZrO2,sol_gel,KOH,constant_voltage,AC,air,ground,5.076718036511967,20.385368344031942,3.2846334725107744,233.37154946497986,3279.7655506234296,78.47481898411469,80.64197721215659,16.540331137717757,3.9344708928746934,227.30724651929967,0.39884118905925015,250.0,9.787301550361189,38.16491404696766,5.0,106.34424359822631,21.508975527640025,0.46051759597908215,25.47971702709228,5.231947649039595,6.338163082079913,107.92630227947845,E011,synthetic,True,synthetic_range,Auto-generated for development; not experimental data.
S0104,Magnesium,Aluminum,SiC,anodizing,NaOH,constant_voltage,AC,oil,ground,11.191329698234679,8.054880553698437,20.407675378113066,245.48030696415296,259.76251879027967,20.652710830828312,79.85855119350556,31.33213079592029,2.4493575003615753,151.94268266581014,3.1251178202739287,400.0,2.795539049200899,23.4407222001328,6.0,189.91462443256913,22.45933334757289,1.6292123142540893,28.62660898503473,8.19708721224804,5.677840302990875,189.44008833642664,E011,synthetic,True,synthetic_range,Auto-generated for development; not experimental data.
S0105,Tantalum,ZrO2,Al2O3,PEO,mixed_oxide,constant_voltage,DC,furnace,ground,8.811761962011106,18.96300347088301,30.23398913485226,351.932280469172,4462.407095698402,17.373390304480345,109.00113551053873,17.817248007682153,1.7312293330946784,84.8773010965516,2.827908088546518,500.0,6.542774497419288,20.06944488584011,7.0,180.93443852217928,42.532603282006214,0.19024184888123435,62.6407407141566,9.1792649600277,7.020442076813005,199.07401648727347,E011,synthetic,True,synthetic_range,Auto-generated for development; not experimental data.
S0106,Tantalum,MgO,SiC,sol_gel,KOH,constant_voltage,AC,air,polished,16.01274776145774,23.491643777449603,22.022731535759423,159.9450213675308,3457.770735537093,90.71368550556109,111.75532030616924,68.35065950767583,2.749467491283161,134.23171192552712,0.38698873339798157,500.0,9.655346656306294,15.988629732922634,3.0,98.3294123311688,24.40379052818957,0.5405644755801978,21.65458282745464,6.873416782182598,2.919482541291069,196.64151570593992,E011,synthetic,True,synthetic_range,Auto-generated for development; not experimental data.
S0107,Tantalum,Zirconium,SiC,PEO,fluoride,constant_voltage,DC,water,ground,10.033516878678077,16.538661488323743,34.07536902891714,452.14593293834366,4761.00362704456,49.35897857396936,73.49830307117759,52.79145345900056,1.976800750724623,108.34292467891581,4.804419279739274,400.0,8.258695584441398,28.628385693352026,5.0,246.2685517295339,25.834788440449863,0.33618390668546927,60.31929758844451,13.905265992881441,15.066130445790211,211.166768204823,E011,synthetic,True,synthetic_range,Auto-generated for development; not experimental data.
S0108,Zirconium,MgO,ZrO2,plasma_spray,NaOH,constant_current,AC,oil,as_received,10.262886392894758,10.820442975366765,29.355939761074474,268.7681783857523,1569.4332815661783,63.57001707270401,52.91698226069307,48.3917051758585,4.742440667095163,132.01955510185493,6.644815373879712,400.0,1.8284937272732824,6.50911956033764,4.0,172.71586707658574,43.09767150779229,0.35678374838584953,70.89315946708645,8.34571208969616,5.972975919220319,213.37531313061467,E011,synthetic,True,synthetic_range,Auto-generated for development; not experimental data.
S0109,Aluminum,TiO2,ZrO2,anodizing,KOH,constant_voltage,DC,oil,sandblasted,19.787292820248098,18.707353592509286,40.998625309972475,403.1220558416234,2430.7915460081044,11.97713741035026,46.829407649332865,51.03924232977429,2.7858462955248298,103.75542209942913,2.99397229430948,400.0,10.798723797842873,11.769064838453875,1.0,163.2715367398566,21.557873171385257,1.5368969900940344,28.18438140888741,14.997045100615168,9.822785858661783,215.28593768627135,E011,synthetic,True,synthetic_range,Auto-generated for development; not experimental data.
S0110,Zirconium,ZrO2,none,PEO,KOH,constant_voltage,AC,oil,polished,0.0,0.0,40.35076765024097,90.72124062040893,3708.451825225595,33.69036534728889,99.19406672428309,31.409331815278424,2.6242535118380372,78.0862797645616,0.5206092923162955,500.0,2.3478475169465662,26.58018266688636,2.0,45.37367996598985,40.90438803408957,0.49313861370684225,41.19387660061347,6.796057506193824,0.7498437130429512,82.23453868098012,E011,synthetic,True,synthetic_range,Auto-generated for development; not experimental data.
S0111,Aluminum,ZrO2,graphene,electrodeposition,KOH,constant_voltage,DC,oil,ground,16.69872680554566,10.389960414148113,19.76578467941209,284.98269706218343,1213.8949273041028,52.95880063754783,79.12961408094836,54.10649399402608,2.066882981696883,104.35710734060322,0.8621389286145289,25.0,0.0,19.68351021882389,6.0,91.45013167584224,20.509301192573517,0.6698520130603712,41.33000723092525,7.33196038103253,9.021493714592962,185.68294886296965,E012,synthetic,True,synthetic_range,Auto-generated for development; not experimental data.
S0112,Tantalum,Tantalum,SiC,PEO,phosphate,constant_voltage,DC,oil,polished,1.5091200392757533,13.155814931138448,21.4266528663044,64.10976608866416,2709.2441005583346,85.32855663809933,13.885593479170169,16.99335360016195,3.377331456312201,276.4392579574607,1.5857870251790211,350.0,10.861599235463144,31.03360901940446,5.0,128.33428051181713,52.65548775456893,0.5833923622373007,33.070596083613054,6.102427839195202,2.18314004769684,100.59844643463987,E012,synthetic,True,synthetic_range,Auto-generated for development; not experimental data.
S0113,Zirconium,ZrO2,SiC,electrodeposition,mixed_oxide,constant_current,AC,oil,ground,9.81415100667293,7.977172253491879,35.5237214768369,387.9549959077824,3297.33637502739,33.072350492971985,,56.99076205810457,2.8402307537942653,71.30541894413219,4.6340403342637835,25.0,0.0,35.98728391430948,4.0,168.7376549481288,6.215798258689982,0.948635096663416,45.94323586225984,17.848296184041537,12.480325493863521,115.62576174871782,E012,synthetic,True,synthetic_range,Auto-generated for development; not experimental data.
S0114,Aluminum,Tantalum,Al2O3,electrodeposition,mixed_oxide,constant_voltage,DC,air,as_received,17.78352906669396,2.6510428961860297,36.18951560555967,221.85503849853478,4894.043272235206,75.89126218799116,108.52137793705734,62.738198961624,1.0807201530421544,131.18916093880864,4.516167598652596,350.0,4.788255998499369,33.11153106345559,6.0,142.80799876068312,37.52393658301915,0.7632226624053898,49.54790047097047,12.733470544485934,4.7767789013299025,250.44549273729356,E012,synthetic,True,synthetic_range,Auto-generated for development; not experimental data.
S0115,Zirconium,Al2O3,SiC,PEO,fluoride,constant_current,AC,furnace,polished,13.471672329280365,10.400557537877821,19.567294904590852,524.6264070529144,3723.516471211924,66.28809890198966,106.71728703201761,58.746707141268764,4.411435148737226,182.11247362565885,0.05,250.0,6.86705253642765,8.184100856168548,5.0,197.86724536370608,28.63965069798147,0.551355228736571,61.59102393944425,8.906843984777312,16.97610026414733,227.23663127613452,E012,synthetic,True,synthetic_range,Auto-generated for development; not experimental data.
S0116,Zirconium,Al2O3,TiO2,PEO,KOH,constant_voltage,AC,water,polished,13.861685077639592,3.140229184176083,20.488755260750086,212.0621073007097,590.65425139537,19.798015263488324,114.46073160020892,36.58763869029431,2.115557744647093,138.6281640445892,2.0905766025151964,200.0,11.786069327569281,4.567339185552163,3.0,87.76489674293842,31.95885080416851,0.5555945215133404,41.35659813645947,7.805918988683824,3.8110434186220363,168.97782815029262,E012,synthetic,True,synthetic_range,Auto-generated for development; not experimental data.
S0117,Magnesium,Aluminum,ZrO2,electrodeposition,mixed_oxide,constant_voltage,DC,air,ground,5.634687004001468,10.290514765208396,41.94865577798268,331.9029490088634,2376.6672569165517,34.936889687319706,54.20286124275723,68.70708948329028,2.446602934811694,179.4017737547218,0.13295692986574625,500.0,1.875750235271993,7.608183421256892,3.0,184.47453896214654,43.95107909746865,0.8460602292023838,43.64768284466502,10.487196480350654,7.674006429288392,177.9123536983828,E012,synthetic,True,synthetic_range,Auto-generated for development; not experimental data.
S0118,Magnesium,Zirconium,graphene,plasma_spray,silicate,constant_current,DC,water,ground,8.662208431548358,13.945496344275586,39.1972385496881,178.69378784730733,2943.8539149478606,30.21844309728268,95.16700437868133,61.51035981263633,1.425501754986106,60.85501505858849,1.9966632726497968,400.0,9.20491176110875,31.557696972408994,7.0,209.65135031605575,55.164520977241075,0.3005449885365562,81.2005493009636,11.257157001095237,3.883876336543271,200.32449891616636,E012,synthetic,True,synthetic_range,Auto-generated for development; not experimental data.
S0119,Magnesium,Magnesium,Si3N4,PEO,silicate,constant_voltage,AC,water,ground,7.6483307382314845,23.27124397108089,8.967997476106707,360.05631447367017,733.1157143217637,47.61484494372927,100.24587814114697,23.33932599007806,2.990291934280501,212.14240834109444,1.9807688395895706,350.0,4.344747415807467,36.63941249021571,7.0,198.31099462824972,31.141458659895584,0.8431791203818136,46.30944321788786,3.7963542565849933,10.494802251566087,200.53202492921505,E012,synthetic,True,synthetic_range,Auto-generated for development; not experimental data.
S0120,Magnesium,Aluminum,TiO2,sol_gel,phosphate,constant_voltage,DC,air,ground,10.668142598080887,0.9537471595803246,27.02147090084821,283.5211750666173,2159.8302849053916,64.00341065904466,41.30514417139221,27.68437433499048,3.6592477809286232,190.86970038901507,,450.0,1.846066614747673,37.09250584045044,1.0,199.58624860936737,16.825524197216918,2.5492707186972194,14.730415764254124,8.610412031864929,6.105451027364379,205.06273211078593,E012,synthetic,True,synthetic_range,Auto-generated for development; not experimental data.
S0121,Aluminum,Tantalum,none,anodizing,fluoride,constant_voltage,DC,furnace,sandblasted,0.0,0.0,53.669658643924826,235.31413075281645,1420.029081679115,46.840679218223066,21.713836791121356,56.41204685658551,4.465243942816728,220.24156646367288,4.741778405082297,25.0,0.0,12.630415785447378,6.0,225.47155259767638,4.533866179158965,1.5917687061591899,39.57363802032057,23.995415812032512,4.669890643399387,41.575458110534086,E013,synthetic,True,synthetic_range,Auto-generated for development; not experimental data.
S0122,Zirconium,Tantalum,none,PEO,mixed_oxide,constant_current,DC,air,as_received,0.0,0.0,3.142034890164038,151.84467454008995,594.1377113101298,30.785608938903508,119.65803158850488,33.812048681141704,0.732234492375182,191.81445395680925,6.1610532158006075,350.0,6.810658093840615,33.77331374252878,1.0,48.51927934570769,36.756739777384745,0.5643770689925638,25.77514256146935,3.203525633972304,2.8537271698745603,64.9096441568553,E013,synthetic,True,synthetic_range,Auto-generated for development; not experimental data.
S0123,Zirconium,Aluminum,SiC,sol_gel,phosphate,constant_current,AC,water,as_received,6.456871941237816,0.5555151486932722,51.454672842568606,105.76067198572764,2560.2096673172723,69.14969529940342,8.475208431405239,22.763141194005403,4.879993593647202,159.4758956064158,1.0960235777262868,150.0,2.8685588338736894,21.91318586586177,7.0,183.38214570230267,13.109327445627713,1.3010790578322733,27.30931658977725,14.184418601695338,0.5874501159323966,145.20326599671756,E013,synthetic,True,synthetic_range,Auto-generated for development; not experimental data.
S0124,Aluminum,Tantalum,SiC,PEO,phosphate,constant_voltage,DC,water,polished,5.391631387274882,6.2762269896710725,10.627511266784474,109.93956697833664,,59.680043050476634,,25.072984554742995,3.6671798390916055,137.5353855735206,3.8665930503584294,200.0,5.160598779610929,33.08888208558008,5.0,243.1092042456214,44.85195821868088,0.46685508289521904,42.780560086071034,3.5292581659429856,0.15717919794759272,170.4720434833946,E013,synthetic,True,synthetic_range,Auto-generated for development; not experimental data.
S0125,Tantalum,MgO,Si3N4,plasma_spray,fluoride,constant_voltage,AC,furnace,as_received,7.61842131425279,3.0062070462522987,30.92766931524124,549.5200087527766,2952.687042928617,54.14168213033381,79.77441153089653,25.765116735126043,1.7793440798518283,106.60879752494405,1.1336842116394663,150.0,7.810274292931341,22.38622885282004,5.0,156.20314297239838,36.744995388839904,0.16367172643844202,100.79261179142105,14.421726209697061,17.610816618866508,190.9333262463102,E013,synthetic,True,synthetic_range,Auto-generated for development; not experimental data.
S0126,Zirconium,Aluminum,Si3N4,sol_gel,KOH,constant_voltage,DC,oil,sandblasted,3.423858819714183,5.459013935999546,26.035849306457678,256.1553634286173,848.4846612093272,57.12566578290816,83.40577432650956,46.05640894319484,1.4201363975628474,175.01693170165316,3.295309988010559,300.0,7.129152226782555,6.689835571385609,5.0,77.80958863656637,17.929531080255245,1.097050373389728,25.576510427906154,11.14371099941163,5.355364792093229,85.3200536459268,E013,synthetic,True,synthetic_range,Auto-generated for development; not experimental data.
S0127,Magnesium,Zirconium,Si3N4,plasma_spray,aluminate,constant_voltage,DC,furnace,ground,17.506033889069688,6.900527574349908,1.5976309031460705,50.964853936669726,3617.9746180141055,28.861554934975004,34.39719055644532,54.48005447291733,1.8323956339456906,56.51311309437674,4.790012515259424,350.0,8.816346831630781,4.089562491850799,5.0,249.72583727032685,43.50641407293407,1.2668991294799927,28.799075556086237,3.640994565691817,0.9929696153685814,256.7542508843799,E013,synthetic,True,synthetic_range,Auto-generated for development; not experimental data.
S0128,Tantalum,Zirconium,graphene,plasma_spray,phosphate,constant_current,DC,air,ground,12.241328140751833,10.062593067785798,55.00841928828829,526.4643953130071,976.208115148352,67.83664019285878,87.98161309436784,26.46614786553697,4.44076588249899,132.06020702483144,3.673443612895018,400.0,10.118652128780115,38.331546819164245,2.0,68.42900442072536,34.639906549018896,0.037193649111760055,104.73694444578179,22.540380286684975,15.647100477629548,172.1647184084911,E013,synthetic,True,synthetic_range,Auto-generated for development; not experimental data.
S0129,Zirconium,MgO,TiO2,anodizing,NaOH,constant_voltage,DC,furnace,sandblasted,3.108835299080181,13.249532867547813,27.84058841272403,59.98996211490633,4481.425503880748,42.937545520795304,29.885949777345537,61.31227967360937,1.8112557793817767,,2.5147804023602456,250.0,5.205113815347797,17.606299700831578,6.0,103.82269342246904,11.546429127012782,1.4610161579634033,14.864551599427426,8.65025671485534,2.644938671046179,94.99139835701338,E013,synthetic,True,synthetic_range,Auto-generated for development; not experimental data.
S0130,Zirconium,Zirconium,graphene,PEO,aluminate,constant_current,DC,furnace,polished,14.030257017075527,0.07470034846333323,57.30182832887628,259.29306277726687,131.04678274404424,40.89476467705167,100.33939941144348,33.265819487599344,2.5826951055075607,77.17925992158982,2.1956288102604633,500.0,5.3641236678156154,14.670305150995395,4.0,67.85368145177691,36.115733512902224,0.42864357788182156,60.12672709253655,15.40272300633832,5.439320223864661,219.28117083100685,E013,synthetic,True,synthetic_range,Auto-generated for development; not experimental data.
S0131,Zirconium,Al2O3,Al2O3,plasma_spray,fluoride,constant_voltage,AC,water,ground,17.029496125960478,4.088640547687083,17.917890157773854,408.73879298532796,2609.9869352286796,22.727407702675496,30.19841751973297,35.25127899560745,3.6758212440900464,65.72281057988215,3.8592346677701164,250.0,6.211959546234262,14.895820305964106,4.0,132.192831125015,32.37449756071905,0.3554044204442447,64.39553547005448,9.292215897637108,12.511203624341318,229.05045648539806,E014,synthetic,True,synthetic_range,Auto-generated for development; not experimental data.
S0132,Zirconium,Zirconium,graphene,sol_gel,mixed_oxide,constant_voltage,AC,oil,as_received,5.131945605019048,2.384481320939577,52.11027063154237,507.2996221858808,1600.5238294327346,60.73117343678795,85.12119334374891,29.52741036981699,4.423954386757485,213.04465132284133,6.530325595903223,150.0,7.01306385138499,15.77844204754341,3.0,122.15272211441082,1.0,2.038666043561296,29.758852162299544,30.048208355919854,15.38754460616565,66.85840661318574,E014,synthetic,True,synthetic_range,Auto-generated for development; not experimental data.
S0133,Magnesium,Tantalum,Si3N4,PEO,silicate,constant_voltage,DC,air,sandblasted,3.4367115895766465,13.764351311605456,55.4209848657422,406.44314571605054,1125.382628872954,61.226474896453055,95.09255087090722,66.03839883630741,3.4635702305574685,149.44368028558756,5.242495075387403,25.0,0.0,37.854876287879186,1.0,138.07299723232603,10.213372883846187,1.2215363345048256,70.8809176681702,29.141054693182735,12.489143357932248,97.63275037649952,E014,synthetic,True,synthetic_range,Auto-generated for development; not experimental data.
S0134,Zirconium,Tantalum,Si3N4,sol_gel,aluminate,constant_voltage,AC,furnace,sandblasted,0.668036514108165,8.260418016511682,33.85311256587606,281.8128774500059,2358.0138958257403,38.92555471165491,26.728761303151707,77.387899140897,3.888991384404902,250.45625913734528,1.6455849274542709,150.0,4.095306573239902,3.4454789087238584,4.0,234.1563480121945,19.413262864588315,1.172471860885502,21.79356229397391,9.352178240436295,7.146505099620425,87.67139140536139,E014,synthetic,True,synthetic_range,Auto-generated for development; not experimental data.
S0135,Tantalum,Aluminum,graphene,plasma_spray,silicate,constant_current,DC,furnace,as_received,1.4213816077014596,13.732523514066216,12.957989484195332,537.2210194920517,4210.097681621303,83.0872548335704,32.36844607774932,47.01249016407603,1.2799705833318002,284.327825992831,3.9482409722080734,300.0,,5.6433902079096665,3.0,135.23136488352952,60.26841169500147,0.08540061924624893,72.55723418935348,5.797661585772914,15.063385739922964,139.15219059696503,E014,synthetic,True,synthetic_range,Auto-generated for development; not experimental data.
S0136,Aluminum,Al2O3,none,plasma_spray,phosphate,constant_current,AC,water,as_received,0.0,0.0,41.42959849423748,69.6596915166352,4576.386027633243,81.86392139081141,94.5969299544522,17.731991693079493,4.448335224610124,289.2601134331442,1.9024736711078836,250.0,4.937306766957513,31.79640910379212,5.0,143.2177917670017,44.581176134724934,0.25701478782552273,78.3189628660098,10.810904052724798,2.3094676117120554,112.98258037672463,E014,synthetic,True,synthetic_range,Auto-generated for development; not experimental data.
S0137,Zirconium,Aluminum,Si3N4,PEO,silicate,constant_current,DC,oil,as_received,19.75013347481303,0.6545223844852424,33.38970592523815,543.446101269004,1516.2430907392288,19.26961605100666,14.889881738019577,31.93700556765593,1.7407363262814979,156.39821347354479,1.2818993478020357,450.0,11.69357183460142,22.42697016226541,3.0,225.07006330206298,41.419522605830245,0.6695655434880803,49.10106543515663,9.000511201543844,11.809687978194304,303.3765662541075,E014,synthetic,True,synthetic_range,Auto-generated for development; not experimental data.
S0138,Magnesium,Zirconium,Al2O3,electrodeposition,NaOH,constant_voltage,AC,water,polished,1.3751662882873936,23.53710418669266,56.727250285304926,474.69577585421945,771.2181104753563,69.07826296384306,26.937509533666375,25.273268922724995,1.0777017382543206,116.08180606875807,2.8312127446213475,150.0,7.201406001831267,6.012933560477127,7.0,209.9067586832631,1.0,1.4162919031625414,61.37811750603252,29.68037698084273,14.261425949407158,81.55672341890244,E014,synthetic,True,synthetic_range,Auto-generated for development; not experimental data.
S0139,Aluminum,ZrO2,Si3N4,PEO,silicate,constant_current,AC,air,as_received,15.087383702057906,2.7522876236654006,26.91705164681902,514.4650085631796,3600.7022378315364,43.47595427572689,57.386054211840246,69.77954851538115,4.893099306533012,202.15343468561952,5.583839224811505,200.0,5.437887479086283,2.3439453343551184,5.0,82.73884686959772,24.339923214295343,0.5111657325703525,60.547832202229415,12.217294848139538,15.017844811657561,191.97677159297385,E014,synthetic,True,synthetic_range,Auto-generated for development; not experimental data.
S0140,Aluminum,TiO2,TiO2,anodizing,aluminate,constant_voltage,AC,oil,sandblasted,1.9013122338987212,3.2151257616448343,16.842305210749497,177.38621204876833,2909.9936272799414,94.9757623403459,111.97092180564862,20.515509183158336,1.4073796645437244,207.0482314820591,1.7127572774287854,500.0,7.008274295072652,9.745139582889868,4.0,32.84371015034704,32.82598708060729,0.9175356424570856,24.94894829156208,4.680485817650664,2.6023369952202944,94.62419382855613,E014,synthetic,True,synthetic_range,Auto-generated for development; not experimental data.
S0141,Tantalum,Al2O3,ZrO2,electrodeposition,phosphate,constant_current,AC,oil,sandblasted,12.046590085621503,3.7063433214280055,9.15893308815232,121.22903614213489,1005.0807433877995,29.127008523195453,69.6159510126962,77.82095564474494,1.1149338653508942,205.58623401897418,6.123176698696565,25.0,0.0,11.171618770700572,5.0,168.48991028445124,26.134205840322636,0.5573546874631723,30.89079737608414,4.356188974506998,2.159524416912647,182.4091558572485,E015,synthetic,True,synthetic_range,Auto-generated for development; not experimental data.
S0142,Magnesium,TiO2,Al2O3,PEO,mixed_oxide,constant_current,AC,furnace,as_received,15.243468007350637,24.532849273632152,42.21938055251409,381.65763968635,3801.478940437183,33.8445574602316,49.58295254394593,53.25339548060069,3.3170940504580395,130.4446534297203,5.167688490887902,250.0,5.501964827839611,1.5543081534110375,5.0,215.8669612442544,24.214366125136795,1.0611409830913048,61.70175210965439,15.661497909856251,12.12785224500836,218.676234420698,E015,synthetic,True,synthetic_range,Auto-generated for development; not experimental data.
S0143,Aluminum,ZrO2,ZrO2,plasma_spray,mixed_oxide,constant_current,AC,furnace,ground,7.504485746720885,15.460622992241403,58.472467519854355,307.92971899306,2594.6521762107054,47.579035037236835,117.5125755555848,48.65308615982061,1.9348841727324289,65.93793410432576,4.036722640193332,150.0,5.648662748908203,9.427530995150542,5.0,151.62702477428803,42.67947299554314,0.14574201548064225,108.32200678779536,19.271374545097363,8.976599854736014,179.86269721325118,E015,synthetic,True,synthetic_range,Auto-generated for development; not experimental data.
S0144,Aluminum,Tantalum,Si3N4,plasma_spray,phosphate,constant_current,DC,water,polished,0.7132270616579428,15.276734295011073,2.67228246371251,311.5839803721897,3266.9759975370375,32.840787637856366,58.32680021544818,70.07779045724715,1.10007142331222,102.50120970639973,0.743897399022633,300.0,8.56611298788965,29.794438541143588,5.0,76.45892240282593,54.84136418991891,0.4431119114987456,46.7712336670439,2.672209418216904,7.023928745418406,106.24380752600551,E015,synthetic,True,synthetic_range,Auto-generated for development; not experimental data.
S0145,Tantalum,ZrO2,Al2O3,PEO,aluminate,constant_current,DC,furnace,ground,12.106192366445805,24.668120127887313,44.68627593190948,512.3095892416088,1796.6951698169437,68.8194361428537,54.87952197406044,16.790595383944652,3.205045027471442,88.60485700555844,1.922213187411232,500.0,1.1999197068655645,34.361913895843145,,193.0981199485675,34.387386310634156,0.3420374433988912,65.02211028478065,14.028980106171655,13.75162310845333,202.39203477981405,E015,synthetic,True,synthetic_range,Auto-generated for development; not experimental data.
S0146,Tantalum,Zirconium,TiO2,anodizing,silicate,constant_current,DC,oil,polished,19.82927024873054,2.2565472934026363,55.688891391020334,360.0404533266311,2195.48780651188,50.87718953542585,52.339096442088206,65.51492871145562,,80.97508644582756,0.05,200.0,6.7109265353159575,36.031197361019,3.0,177.2986421744794,16.94040434734527,0.9567513615626352,36.58123006392348,15.4584707356359,7.907279862142401,241.77929398690776,E015,synthetic,True,synthetic_range,Auto-generated for development; not experimental data.
S0147,Magnesium,Tantalum,TiO2,anodizing,KOH,constant_voltage,DC,oil,polished,5.523539745350667,24.363797268930114,5.412110519413611,205.53191755229494,901.710491874711,28.774700962210915,40.90070834978157,22.579262961953575,4.069392683932204,281.57083026789326,0.7094566063833525,250.0,6.794269840503566,16.20664727309819,4.0,154.30715822988162,44.562446638679134,1.398551606103639,28.337570371908168,1.865899631894649,5.255860984511048,121.5857164366146,E015,synthetic,True,synthetic_range,Auto-generated for development; not experimental data.
S0148,Magnesium,MgO,Si3N4,electrodeposition,mixed_oxide,constant_voltage,DC,oil,as_received,4.195079905150708,5.14012800652332,7.500032661261856,250.03327820893801,3782.5793382267047,53.04179590635782,42.4549031198222,69.65057643112809,1.1998067045552256,53.46191149349198,2.7864590617168377,300.0,9.20265100297638,13.457135310238748,2.0,219.9339582846164,17.234675726085438,1.4372216308442423,31.98520264721837,6.080223070973083,5.282592640327673,143.12960774841673,E015,synthetic,True,synthetic_range,Auto-generated for development; not experimental data.
S0149,Tantalum,TiO2,graphene,sol_gel,fluoride,constant_voltage,DC,furnace,as_received,2.9165549086935414,15.595634013872784,41.82546880853281,,785.0566207589593,85.54696014102826,84.10126189189228,49.39645425046102,3.00590180572974,200.46443480908042,2.8846761732670383,450.0,11.800414651871568,39.994573080107614,4.0,202.53331764658722,32.391972755220195,0.6501613785606689,21.81236845691418,5.620503596062671,0.4935106720528988,141.18017246938658,E015,synthetic,True,synthetic_range,Auto-generated for development; not experimental data.
S0150,Magnesium,ZrO2,Si3N4,sol_gel,fluoride,constant_current,AC,oil,polished,11.327484588051094,10.531084954304653,39.22983917785151,146.15702013784465,3891.5129737553066,77.35362998225449,9.696093694316332,18.973411153405966,4.161552668066573,286.86844893503417,0.33273533977118985,500.0,9.651180048048293,31.00427758594196,7.0,176.94946011301167,33.82458929178374,1.8294273523391469,23.915219088769085,8.124050258473178,2.8585279404482518,183.00735403414038,E015,synthetic,True,synthetic_range,Auto-generated for development; not experimental data.
S0151,Tantalum,Tantalum,Al2O3,PEO,aluminate,constant_voltage,DC,air,polished,12.13067943752533,9.629597746255596,5.060817503658496,121.67503510476925,3990.0392744229302,52.40045857627979,83.40892344932668,69.16092752208608,1.2248915514088337,140.01328187353198,0.413399608619746,25.0,0.0,21.95673115539462,5.0,176.24690718510803,42.59385967297636,0.4188278646312545,38.25843558922993,2.1560595083168206,3.0380834169118107,165.26933563750177,E016,synthetic,True,synthetic_range,Auto-generated for development; not experimental data.
S0152,Aluminum,Al2O3,TiO2,PEO,aluminate,constant_voltage,AC,air,sandblasted,15.949281324822847,23.28452104556259,50.23094237691823,455.14567060567725,3733.0048202756084,34.52187126706555,28.138517284475373,16.775417609631358,1.434570132968037,181.7745222931156,6.818675358773744,300.0,2.448711565482553,10.936085874886468,2.0,175.68457954562047,11.783127499112247,0.9036543353685244,52.5225810199956,23.586697007535296,13.956829773861957,220.59255395859267,E016,synthetic,True,synthetic_range,Auto-generated for development; not experimental data.
S0153,Tantalum,Aluminum,TiO2,PEO,fluoride,constant_voltage,AC,water,as_received,15.184928835599939,3.773231824584398,31.88200702284865,402.4367339860594,97.11394029370213,25.29034949971486,49.18392036851668,23.994095038084225,0.5108512884425493,223.9459158687899,5.624972327412075,400.0,7.265001173781462,13.530912662519084,7.0,145.53624388164405,37.3306661093751,0.3798260433097542,60.810549494607365,11.700364030283307,9.803438411033351,249.40910236627724,E016,synthetic,True,synthetic_range,Auto-generated for development; not experimental data.
S0154,Aluminum,ZrO2,ZrO2,plasma_spray,silicate,constant_current,DC,oil,as_received,17.904559148504198,24.926871826352276,54.52464502686014,315.17250880542593,1365.666063033368,84.66254456088612,21.85198184443818,66.85859404873088,2.8608537037787967,129.29242366455972,3.0324184505994807,25.0,0.0,21.0992096043461,6.0,132.06276182164635,34.45685421232114,0.25809657454595497,100.54923059115296,19.195202284106962,8.454199184797085,202.51335320661678,E016,synthetic,True,synthetic_range,Auto-generated for development; not experimental data.
S0155,Aluminum,MgO,Al2O3,PEO,phosphate,constant_voltage,AC,oil,ground,16.21256761767488,9.509170274234137,52.801461978569556,237.18391681378537,2341.6887139590685,70.36418994238919,68.56637006833402,45.21662305076291,1.3760676358787791,169.4129969268123,5.191096882937668,450.0,11.222761731921324,22.141233871839276,4.0,186.11210108971832,23.556912133233315,0.5628078165283849,59.591369432034554,15.890963216052661,6.740130858599939,222.26176581086327,E016,synthetic,True,synthetic_range,Auto-generated for development; not experimental data.
S0156,Zirconium,MgO,graphene,anodizing,silicate,constant_voltage,DC,water,ground,5.321708120049167,16.236933852019433,48.93795837395978,384.24714516217523,2977.7218935839787,58.63388076753397,88.87530116949605,72.2902657830642,3.759091590771046,254.275712583188,1.0096440054747113,200.0,9.991069364182156,1.533467126673435,2.0,164.30878592345084,1.0,1.12069537048059,36.32365754811471,20.69831544092584,10.625214907910625,115.10693352849285,E016,synthetic,True,synthetic_range,Auto-generated for development; not experimental data.
S0157,Magnesium,ZrO2,none,sol_gel,silicate,constant_current,DC,oil,sandblasted,0.0,0.0,31.438034878420858,456.4526738478805,4596.110496845251,84.75194490606181,45.785391246481936,56.30290273142043,4.829962350279226,236.3389163200659,3.9002406753552994,300.0,2.6731389731694803,38.4166033255875,3.0,137.79572370611947,7.470434164947636,2.4579399604810894,29.46131757971871,15.820481879352718,12.092767128102103,66.27858807352918,E016,synthetic,True,synthetic_range,Auto-generated for development; not experimental data.
S0158,Zirconium,Al2O3,Si3N4,sol_gel,phosphate,constant_current,DC,furnace,polished,6.29953320232481,1.4871462069554209,15.850927863216503,490.6166078358545,1878.0298606435115,20.343674426797605,23.79290641713024,55.52936903407652,1.4393997004958161,252.11235287321017,4.099799337463967,500.0,8.69462244001731,23.448643646710977,6.0,57.86549786042916,24.38290762115348,0.717488917163742,18.07441517479533,4.933850031487184,11.589683879876363,156.8762942782964,E016,synthetic,True,synthetic_range,Auto-generated for development; not experimental data.
S0159,Zirconium,Magnesium,Al2O3,sol_gel,fluoride,constant_voltage,DC,water,ground,6.930814901254298,23.075465854983506,30.85255473075682,323.5081141031668,4375.11659386977,68.0115893101758,31.048141922085186,33.99528189858097,3.420936552935897,296.835040906914,2.2130295842013976,350.0,10.621781896087198,23.9771715319562,5.0,184.42433350369643,8.871505368600971,1.3255009115752032,17.40465874019835,10.70285773170769,8.6155403236417,146.2012949194639,E016,synthetic,True,synthetic_range,Auto-generated for development; not experimental data.
S0160,Tantalum,Zirconium,Al2O3,anodizing,aluminate,constant_current,DC,water,ground,18.672915199984928,14.216894064590866,6.947871290305024,459.94256090985044,817.1464406841827,28.420546555124716,99.08298563044085,23.68923403086268,1.4532550765633012,142.58186873404475,0.9842894051580615,500.0,8.331695116210215,9.24737421639895,2.0,172.1196855271524,36.378667132794384,0.4997059990665107,26.04116094370504,5.547759532473734,10.610980459657718,249.5970165371155,E016,synthetic,True,synthetic_range,Auto-generated for development; not experimental data.
S0161,Tantalum,Aluminum,graphene,electrodeposition,fluoride,constant_current,AC,oil,polished,13.796970148807935,17.624702130487435,39.87192275993214,305.65297670634754,1856.4024375431347,20.249082486358894,35.77960453188303,77.47620540828437,0.581030865408668,236.77281573394328,1.4743592589667813,350.0,,30.83449997324867,2.0,105.29465371417079,22.696608119366047,0.7037523798145571,30.638217026854917,9.994494873191513,6.918257732212292,157.13720811320184,E017,synthetic,True,synthetic_range,Auto-generated for development; not experimental data.
S0162,Zirconium,Al2O3,TiO2,electrodeposition,KOH,constant_voltage,DC,water,polished,19.504513058396565,3.7721453879643914,8.90465593451145,287.2650445939454,261.410054106615,49.57672335058932,94.09079819629112,21.811849794320686,3.9134938739656318,200.69614177549573,2.2542543270106217,150.0,6.2518662918874055,29.753316283581867,7.0,108.3910965673169,26.610213349432783,0.7787422144622747,38.45928869548358,4.5110820619830285,5.833280815355849,233.47257578949652,E017,synthetic,True,synthetic_range,Auto-generated for development; not experimental data.
S0163,Aluminum,Magnesium,Si3N4,PEO,aluminate,constant_current,AC,furnace,sandblasted,8.629794466015518,13.358016399234256,31.159204787542663,482.7159278110501,3712.446455278111,42.928399029970066,43.08793178271427,49.385689004781895,2.4530210449290175,216.65119180529908,5.161801863595991,400.0,7.825226554443309,4.711160962785798,4.0,84.2789245097555,28.537122155013407,0.5888243607276509,59.000325206467465,12.972017294342999,12.77843097244263,135.03705976459975,E017,synthetic,True,synthetic_range,Auto-generated for development; not experimental data.
S0164,Aluminum,Aluminum,TiO2,plasma_spray,mixed_oxide,constant_current,AC,furnace,ground,10.980032680402543,16.85416718239483,4.20853647584225,243.186968132332,753.2637871645647,89.99975679264077,26.704243749440693,32.716958404260716,4.760540876815939,234.96847620823362,1.9930783475309877,350.0,3.885378271064743,24.20478051813689,5.0,241.62135640030414,37.568490842736786,0.4911792220010241,54.522694848307495,2.190358279205466,6.554062242924397,253.34669318064644,E017,synthetic,True,synthetic_range,Auto-generated for development; not experimental data.
S0165,Aluminum,MgO,TiO2,plasma_spray,mixed_oxide,constant_current,AC,oil,sandblasted,9.998750688370224,11.433370319322663,18.671236926204106,247.95633952035112,1285.1000782422889,37.5382614739044,88.64048435715456,32.16914313279456,2.904286469645325,237.4328292365787,4.044695553607848,200.0,1.5213159980360698,26.669556067865315,3.0,219.24429983111898,25.19637389534498,0.5590464194324248,64.88408320084595,12.646068662971825,5.2662335809864365,206.27718280099967,E017,synthetic,True,synthetic_range,Auto-generated for development; not experimental data.
S0166,Tantalum,Al2O3,none,anodizing,mixed_oxide,constant_voltage,AC,water,sandblasted,0.0,0.0,14.692747179517482,202.45567264245807,3876.166260966074,79.2666920194202,58.882678389648774,53.64810425468285,1.208672910390578,271.4362873237049,3.0572673155284087,25.0,0.0,33.58715880838122,1.0,153.43078647068768,11.444956790560035,0.8794154336136278,25.925601701605576,6.279764636372497,4.984008866437665,56.18261237610892,E017,synthetic,True,synthetic_range,Auto-generated for development; not experimental data.
S0167,Aluminum,MgO,none,electrodeposition,aluminate,constant_current,DC,oil,polished,0.0,0.0,37.58186101998856,309.35086414730836,2673.58358711355,73.6502950398093,8.596883896602737,66.86571761662648,2.5239849880877503,137.33041880901385,2.4585490606627296,350.0,11.34615953500243,9.037555977790717,3.0,118.36369224287313,25.12214184459218,0.9576061687306635,49.3879634927565,14.301891658562,7.969859362555821,99.39853843692725,E017,synthetic,True,synthetic_range,Auto-generated for development; not experimental data.
S0168,Magnesium,ZrO2,Al2O3,electrodeposition,fluoride,constant_voltage,AC,air,ground,10.788909031787401,21.36710013528779,47.420416009328015,322.42501684473035,69.86359709231283,66.77352895497557,115.39337822460584,65.51666638403312,1.4130130766270743,213.37033902797765,,350.0,10.353456856834859,35.22775707544983,5.0,192.10155801321312,31.064191105195214,0.9464915698988285,52.906508994017564,12.206447711335098,7.910972302150277,227.95106697925155,E017,synthetic,True,synthetic_range,Auto-generated for development; not experimental data.
S0169,Aluminum,TiO2,ZrO2,plasma_spray,mixed_oxide,constant_current,DC,water,sandblasted,1.8137989500936218,0.9100512711774315,,380.23057265522846,11.176023736985673,88.23404020160507,21.991646183292353,71.47210979758097,4.451131727089585,120.07260789921396,6.618404686837648,400.0,4.340005868479235,18.99776179659623,3.0,146.1001987477194,43.76959473026974,0.2940285468745709,57.09762284037991,4.88000888840613,9.669845657540968,163.26679478881707,E017,synthetic,True,synthetic_range,Auto-generated for development; not experimental data.
S0170,Magnesium,Aluminum,ZrO2,electrodeposition,mixed_oxide,constant_voltage,DC,air,sandblasted,18.66350762152334,17.73610885709827,51.16673742416767,265.2511550547853,2553.3031586994853,44.67359052241408,45.64180229210551,34.03867796430386,3.6090643139938616,198.64217627924378,5.909465714571178,,1.5755967400411754,4.764421152920146,5.0,244.68722746132508,11.176438231344594,1.83012883084187,48.180870195675695,20.0976973573081,7.053248245493719,243.59312668927623,E017,synthetic,True,synthetic_range,Auto-generated for development; not experimental data.
S0171,Magnesium,TiO2,graphene,electrodeposition,NaOH,constant_voltage,DC,air,polished,2.9149517978957307,24.984781411037446,51.78529400232166,158.91864594179967,1524.7775687459741,43.122050808543584,49.25138302450634,45.273839811479796,2.035574620946166,237.79378504298197,1.7206460316436865,300.0,3.721591457761175,5.119227638924162,4.0,42.126975062874,28.466805321407495,1.2467702048642002,47.14504208361195,12.175460599255617,3.4478388196421954,73.68602562699614,E018,synthetic,True,synthetic_range,Auto-generated for development; not experimental data.
S0172,Magnesium,MgO,graphene,plasma_spray,fluoride,constant_voltage,DC,air,polished,4.3606245551296885,0.23670075286382702,21.193875382993344,483.4210312069379,901.5572299758857,23.680531004428296,61.28443841471753,15.606747259301622,2.875191452632132,247.7502715404101,3.7086442974938016,450.0,10.19260682181385,8.714373693253613,3.0,37.542861491764526,34.82845335512974,0.5773175724101482,67.03942688867977,9.543767115099666,12.401430375326406,157.00496498500573,E018,synthetic,True,synthetic_range,Auto-generated for development; not experimental data.
S0173,Tantalum,Al2O3,Al2O3,anodizing,mixed_oxide,constant_voltage,AC,oil,sandblasted,15.423763866803412,4.0680897863575005,39.881239892249006,223.0004336190072,3067.9696885805547,33.43977641708088,95.32606256842962,63.545745503863756,,155.03112574728067,1.5412760566753008,500.0,8.041866837781985,12.027277533427032,2.0,155.09442395414214,34.36908378021913,0.48500132045051525,34.22471823365112,8.416019180760207,6.0287526733076575,209.45998157896662,E018,synthetic,True,synthetic_range,Auto-generated for development; not experimental data.
S0174,Zirconium,Magnesium,SiC,electrodeposition,fluoride,constant_current,AC,air,polished,2.3902235648916172,16.869900307283707,24.754168870503523,511.47170992008733,1142.1823585871355,84.78099876517402,5.700382162639578,34.6523022892484,4.022859724904414,177.18005580033994,1.33248641359014,500.0,11.616983807183777,20.359826373932187,2.0,74.72142899155949,24.943104683423332,0.5166427953968946,38.437469222031034,7.671422092964017,13.360051205192342,104.17756759681626,E018,synthetic,True,synthetic_range,Auto-generated for development; not experimental data.
S0175,Zirconium,MgO,none,electrodeposition,KOH,constant_voltage,DC,oil,polished,0.0,0.0,10.09726204918826,153.67666651322787,2961.0357484247397,50.32248129746628,112.23428590364858,51.49707966256212,0.8606624444174376,133.4624627925432,1.8977767740660527,150.0,4.440831712026689,30.201296712037834,2.0,162.94691598104234,21.096176114259464,0.8739125406323126,36.10838223718308,6.431062038959275,2.1580625762580294,90.56313555433145,E018,synthetic,True,synthetic_range,Auto-generated for development; not experimental data.
S0176,Aluminum,Al2O3,Al2O3,sol_gel,fluoride,constant_voltage,DC,water,polished,14.651168929089444,14.76526009720368,32.191082695223514,330.02873811811526,1896.3297529313645,39.01503238621039,79.28878792334629,26.004518331264293,0.6013347889786105,92.25908663490762,2.071811194519614,150.0,6.841929383353888,8.282310178757859,6.0,201.913066280379,6.730864761885784,1.3567757042535011,27.94314762180509,11.523315267186941,7.838724967674467,215.69346142550495,E018,synthetic,True,synthetic_range,Auto-generated for development; not experimental data.
S0177,Zirconium,MgO,Al2O3,PEO,NaOH,constant_voltage,DC,water,polished,1.8381067136227487,17.11580258384835,6.095220795594202,318.3075467647261,933.7310883489486,28.369524681984547,114.3246211021276,68.26096796373136,1.0150371372645042,115.12935129813305,3.7175157184909997,350.0,9.58543954883962,39.71341998548193,3.0,60.384147460672025,31.253779979200896,0.43425149005468044,40.16983488789526,0.3,8.630669307554559,72.9690082725892,E018,synthetic,True,synthetic_range,Auto-generated for development; not experimental data.
S0178,Magnesium,Magnesium,SiC,plasma_spray,silicate,constant_voltage,AC,furnace,sandblasted,13.991017695070232,14.72425138544605,52.82985716836328,464.32392396349763,690.5236893437433,51.221621270707274,98.99979680289587,68.12269425308806,2.2774833957765335,278.0342512249561,7.180563822614111,300.0,,7.299355339042191,6.0,126.93380932169615,29.344313555121175,0.3539583297841643,109.8505729503664,25.829957823179644,14.24270565516575,215.6850466067195,E018,synthetic,True,synthetic_range,Auto-generated for development; not experimental data.
S0179,Tantalum,MgO,SiC,sol_gel,phosphate,constant_voltage,AC,oil,polished,12.816756572340697,9.161358340375628,55.5330958051669,119.42569337541488,1184.3030156364403,70.91655648948495,111.70139507956993,72.0344394589421,2.600179745369414,127.242385602329,1.5419830696125383,200.0,11.587034708586156,24.37574074116375,3.0,181.50675835885815,13.152369577604555,0.713013306729587,27.868388947507835,11.858806693998268,1.978728807959699,194.5571232540715,E018,synthetic,True,synthetic_range,Auto-generated for development; not experimental data.
S0180,Zirconium,TiO2,none,plasma_spray,silicate,constant_current,AC,oil,polished,0.0,0.0,49.47517508367281,504.96858645873067,149.1605400649254,34.368822163851405,74.11506335760298,17.985904811936983,1.1140773359623177,293.68983338640254,1.3685391122144608,25.0,0.0,37.22867699898226,3.0,213.44998554805366,16.88931570652099,0.14689238899923995,98.31748418223357,23.20452880243419,12.81261068087222,120.04027792026486,E018,synthetic,True,synthetic_range,Auto-generated for development; not experimental data.
S0181,Tantalum,Al2O3,graphene,sol_gel,phosphate,constant_current,AC,oil,sandblasted,16.64985812354205,14.877645978944821,34.18915912460274,315.7140860860351,1540.6348101813421,74.4059042690756,46.09053303087511,79.50981613537589,2.3501891205482237,110.36952130384543,5.102039836824337,150.0,0.5908219781760117,33.46778949219626,7.0,139.1956998079986,5.074754372653433,1.0822306611018202,26.455821358595294,17.138430933569886,7.637993611195529,168.67847206323947,E019,synthetic,True,synthetic_range,Auto-generated for development; not experimental data.
S0182,Magnesium,Aluminum,ZrO2,PEO,KOH,constant_current,AC,air,polished,14.507835981876523,5.230547443743297,33.89831687640184,343.0546919571832,4509.7734509089705,63.53196085161807,55.93511725806442,31.105661938580145,2.4873025386282372,230.76777187026119,0.9593963237303156,250.0,0.7892626697221425,26.267678864863235,7.0,75.35378911932474,37.868288854421266,0.8932945382822697,59.01339134373753,10.55959573315133,9.035486212004013,179.8338767503601,E019,synthetic,True,synthetic_range,Auto-generated for development; not experimental data.
S0183,Aluminum,TiO2,graphene,PEO,phosphate,constant_current,DC,air,ground,11.930437757783952,14.100231812448488,59.09183521945486,305.08314664888354,4156.810629415141,76.94281781587486,80.67371569417298,35.11318959307771,0.9909048365486901,193.47582339295892,0.43396696950961655,400.0,10.645484188618346,28.90422687484504,3.0,158.87583622883926,40.96597801308952,0.45650806741720534,63.88966869987107,14.761256805373817,7.04603333943919,190.02432476192735,E019,synthetic,True,synthetic_range,Auto-generated for development; not experimental data.
S0184,Zirconium,TiO2,TiO2,electrodeposition,phosphate,constant_voltage,AC,oil,as_received,6.788034712344665,22.05358506761624,15.62619970003979,68.01245341813323,1860.0187835982945,31.327318454367546,54.09716387312867,31.206822397378996,4.624969820880803,224.21751238119964,6.673091135903973,25.0,0.0,6.234019441509207,2.0,129.9937551194999,21.299877507193088,1.103882722888183,19.008626921611146,4.2631909352013,1.7591807607818366,79.02725871876032,E019,synthetic,True,synthetic_range,Auto-generated for development; not experimental data.
S0185,Aluminum,Aluminum,Al2O3,anodizing,phosphate,constant_voltage,DC,furnace,ground,14.096836405683618,16.687490477976727,5.480953588407242,298.54533090329903,2879.168092909019,63.637392302308854,89.14237009879575,32.3896253938246,3.1961566741446843,210.98948665229526,4.37622674517323,25.0,0.0,1.376859096649681,6.0,199.82359394098688,30.817398453496025,0.6021751886876834,31.072674965206232,0.7644827222223323,7.573633192346837,188.9362551056831,E019,synthetic,True,synthetic_range,Auto-generated for development; not experimental data.
S0186,Aluminum,ZrO2,Al2O3,plasma_spray,aluminate,constant_current,DC,air,sandblasted,19.1609459003002,11.821198109476486,34.15451449246949,181.77483133849526,2836.802795070292,23.067498756551565,15.562521849203401,50.92298814673703,2.2484098870532696,226.6871458993973,7.155147362842355,200.0,,17.931802590054538,1.0,152.22673412464857,38.43487741208497,1.019426041800988,47.91059016903849,11.605587824128301,4.866247736537072,213.606687780332,E019,synthetic,True,synthetic_range,Auto-generated for development; not experimental data.
S0187,Magnesium,Tantalum,none,plasma_spray,aluminate,constant_current,DC,air,polished,0.0,0.0,20.398350270796094,221.34409018891571,4143.6876959685615,40.922743483994125,100.4484646332622,30.587685379745672,2.7810823256249297,276.38676210886473,0.5852139842351083,450.0,5.335287426883929,4.491238127193819,4.0,91.47302589349478,57.53455449339451,0.5814110149128314,61.35062771381326,6.899266791979434,4.4584629756531875,112.46498745079114,E019,synthetic,True,synthetic_range,Auto-generated for development; not experimental data.
S0188,Aluminum,MgO,graphene,plasma_spray,KOH,constant_voltage,AC,furnace,ground,13.45472493446795,2.1928609254674427,20.01798759567461,374.55079959357,1181.450507584828,71.57060806163811,28.48169355883048,40.59513524102631,1.9138886891096303,190.86737401562036,0.05,500.0,9.684029330636472,14.952349914600148,5.0,195.9664423386614,43.25835861260377,0.3132725856418923,69.81973439952664,6.495018831434399,8.938726025375368,263.12001740045184,E019,synthetic,True,synthetic_range,Auto-generated for development; not experimental data.
S0189,Magnesium,Tantalum,TiO2,sol_gel,silicate,constant_voltage,AC,furnace,ground,9.023996822896114,6.153446962337766,1.4180358960269346,298.848564737053,1481.9374439650617,63.69181277429455,113.55397509534309,57.614427858808995,4.344489642400669,66.96219572599881,2.1798432968548282,250.0,11.281623115344187,9.725968949219766,5.0,,29.940624314997912,1.3694283000087606,23.229709905495906,1.4888055960500828,7.2781752276090375,152.5627538492757,E019,synthetic,True,synthetic_range,Auto-generated for development; not experimental data.
S0190,Aluminum,ZrO2,none,PEO,phosphate,constant_voltage,DC,air,as_received,0.0,0.0,36.17812516332805,96.60910633373022,1508.9271687280575,25.968161653689364,22.88776699278581,69.34170323255225,3.0875676870582667,117.70635861172488,6.50829288165033,25.0,0.0,36.73752217284896,1.0,69.06024150123204,20.743274575835624,1.464675661054827,30.849904836564484,13.01904478113651,2.4380379116687205,24.170842769486292,E019,synthetic,True,synthetic_range,Auto-generated for development; not experimental data.
S0191,Zirconium,TiO2,Al2O3,electrodeposition,aluminate,constant_voltage,AC,water,polished,19.9545141506034,24.666316642247864,16.57798843426123,86.52063738087946,204.34994885837165,82.95912712786497,19.853882551775747,60.02819751734717,2.7270311647709455,227.05474510219096,0.11611949934337751,25.0,0.0,35.322183961314245,1.0,153.87591109123878,35.634417789416965,0.9291076470452508,26.887187867047288,1.8048975565540628,2.361380123462778,215.88695293379365,E020,synthetic,True,synthetic_range,Auto-generated for development; not experimental data.
S0192,Zirconium,ZrO2,SiC,sol_gel,aluminate,constant_voltage,DC,oil,polished,3.6275918193208536,5.6009321906120615,12.08365434336818,142.82884780868517,1573.439316445961,14.53483349934046,98.36575271755018,53.63098491117601,4.598984313930189,173.51865699391834,0.05,450.0,4.039608087578998,32.93877109270933,2.0,238.63041316609204,29.5253625634747,0.7908386536023426,16.556280449083985,4.963470295977594,1.8648226347258883,152.10976418791245,E020,synthetic,True,synthetic_range,Auto-generated for development; not experimental data.
S0193,Zirconium,TiO2,SiC,electrodeposition,aluminate,constant_voltage,DC,air,sandblasted,4.446902950323365,20.381154770000048,3.3854839521872195,145.44257328611184,4389.568882940035,60.593333523915206,99.15071018584665,24.602356565169465,4.270908642053305,187.13799565492172,1.9068214270504682,300.0,4.197169535119319,28.843827638145513,1.0,185.21357740630194,31.371772133753673,0.7267413097053134,26.663858242252545,3.006966632795684,3.34362181106514,123.88739379373858,E020,synthetic,True,synthetic_range,Auto-generated for development; not experimental data.
S0194,Aluminum,TiO2,graphene,anodizing,KOH,constant_current,AC,water,ground,11.019036293955594,4.257689801034216,22.497333012061066,354.15037848568244,4559.938237857405,93.62474251968654,,68.04751410018338,4.157608511416322,199.14511384507287,4.113606193698651,25.0,0.0,,4.0,95.73673952075536,4.526485454113731,1.1711822486030012,39.226703121979554,15.094869475171482,10.376056037567091,134.04755620115728,E020,synthetic,True,synthetic_range,Auto-generated for development; not experimental data.
S0195,Tantalum,Magnesium,TiO2,PEO,phosphate,constant_voltage,DC,water,sandblasted,9.886820246602335,7.125848682659069,52.859163470800986,138.90723202277138,548.1767288427519,55.17790220663363,115.46100334904104,17.422867719547515,1.5152414190432988,,6.136966549617879,450.0,10.432774478942983,2.8863296217669117,7.0,186.39209856442878,38.896320565250235,0.2776749462237302,61.95692356320846,15.98610469267937,3.679306456538156,218.2696952509743,E020,synthetic,True,synthetic_range,Auto-generated for development; not experimental data.
S0196,Magnesium,Zirconium,graphene,electrodeposition,fluoride,constant_current,AC,oil,polished,11.645610797881016,10.486019114747752,20.863577648244966,490.8597116373853,2290.292708092157,78.05710469655077,36.11205729882285,32.172458110294635,1.1890540016076054,243.4738812719638,3.4027187284144382,300.0,0.7536447740655654,26.501626456333007,3.0,92.17338842047937,18.193700147644964,1.40660013230881,35.747777890240165,8.39345441895827,14.494656364991666,159.18753917604582,E020,synthetic,True,synthetic_range,Auto-generated for development; not experimental data.
S0197,Aluminum,Al2O3,graphene,plasma_spray,aluminate,constant_current,AC,water,sandblasted,1.4569439306233243,8.143921320333048,41.06537839705603,154.88033030670658,1906.7445079381955,60.59038272107368,100.06460498388307,18.708829600577477,3.6054343387073646,230.88372097413713,1.814421886221783,250.0,5.490151378318036,26.048067349828873,4.0,149.3915442590776,39.182668984254136,0.18979836735503408,81.4063643193027,12.282454090985985,2.3212410930942706,129.6748076277566,E020,synthetic,True,synthetic_range,Auto-generated for development; not experimental data.
S0198,Magnesium,MgO,ZrO2,PEO,mixed_oxide,constant_current,DC,water,ground,8.383390898443754,19.968852778358535,45.636270840712534,95.56572271319132,2446.7959831169396,76.56250676845437,45.484660954993394,58.38288341299007,2.6088901535362816,228.57485304827847,3.8674011813097025,300.0,8.320547970046611,15.407547105424758,2.0,145.8510680332616,35.37357096497112,1.2865113527769299,46.18277252474161,12.162797341794896,1.2447703569940587,151.91669214755245,E020,synthetic,True,synthetic_range,Auto-generated for development; not experimental data.
S0199,Aluminum,Magnesium,Si3N4,anodizing,silicate,constant_current,DC,water,as_received,11.868076110278436,23.944450529984806,20.357947742221775,487.87300817982344,2773.597620293386,65.72550150519942,66.80084194047419,38.94412036857844,3.576707208305796,228.82754350873617,3.6469099699239544,200.0,1.7697777702490027,19.434779990988286,1.0,84.4259933605968,1.5080541224460406,1.3881068608614446,23.595198581239003,11.787149501482975,14.683939651114434,100.02355083151002,E020,synthetic,True,synthetic_range,Auto-generated for development; not experimental data.
S0200,Tantalum,Magnesium,graphene,sol_gel,KOH,constant_current,AC,furnace,ground,11.911231350446773,21.88859736708867,49.47680336571044,197.6637880383665,101.29380008873035,68.74622123568994,56.244003415652806,57.38315140831634,3.9228225445000238,272.58950041356195,0.5315770894259695,500.0,9.61091636570029,20.076826141281586,5.0,106.53386397355996,26.10872196045628,0.6972847987912922,24.68706915193412,9.856290933084534,4.159956063117505,163.33794857505617,E020,synthetic,True,synthetic_range,Auto-generated for development; not experimental data.
S0201,Aluminum,MgO,ZrO2,anodizing,aluminate,constant_voltage,DC,air,sandblasted,13.318012254483284,3.8817677803465256,41.820899920349994,262.7113149168679,4211.211239605804,29.363947842342643,5.672752607464832,37.557012354733374,1.828910783051379,198.8481948608186,3.2412434618591526,450.0,11.33187987581956,10.357197177113749,,237.27992005293004,21.12286163474732,1.0659843766816022,29.798081705437525,9.82188650385088,5.364542081868822,229.07001840373175,E021,synthetic,True,synthetic_range,Auto-generated for development; not experimental data.
S0202,Tantalum,MgO,TiO2,PEO,NaOH,constant_voltage,DC,air,sandblasted,14.544212565551945,19.42838247491479,33.99529149335614,529.5131920062212,4868.320365866693,73.05477765369801,71.06315225700314,44.623147501967125,1.7809269490526392,291.7680498742396,4.45676635560447,150.0,1.5457504423852537,13.252497864395849,4.0,85.1316780113954,14.845851626990004,0.21355948647548742,62.07885542939491,13.917591272458461,16.13933886663863,161.62849179082497,E021,synthetic,True,synthetic_range,Auto-generated for development; not experimental data.
S0203,Aluminum,Aluminum,ZrO2,electrodeposition,NaOH,constant_current,DC,air,polished,13.010170465146704,3.74127548695255,1.058555378987106,522.1846095788869,3267.0240600182115,30.222340366468117,90.9631770928546,44.767465660801754,,79.79817109765948,1.244943686391118,400.0,2.2589035850550987,17.317192631876562,5.0,206.2259495988169,34.668084897857206,0.6017429299962503,46.22992705224453,2.7991650206072287,13.184204969856985,235.02546052617708,E021,synthetic,True,synthetic_range,Auto-generated for development; not experimental data.
S0204,Zirconium,Aluminum,Si3N4,PEO,aluminate,constant_voltage,AC,furnace,ground,15.909741530093983,22.83885860872443,3.0703551894456798,407.4584446324589,3302.261192466846,93.35442338712,25.073524111156193,17.9627424883904,1.730971910869238,207.9897441484661,5.321520437775395,150.0,11.702118086881333,24.523982166552003,6.0,176.8215276026708,26.146370272299603,0.467104185903866,44.48820827142109,5.573742590887113,10.022237311879536,209.635069758748,E021,synthetic,True,synthetic_range,Auto-generated for development; not experimental data.
S0205,Aluminum,Aluminum,graphene,sol_gel,silicate,constant_current,AC,furnace,polished,12.682832376349538,12.971070462931031,59.46108480225774,84.46947586627735,2639.899289153542,29.3619112317024,112.1404241176993,42.96472421249023,3.502828742072898,229.23163648394888,2.100976276072476,300.0,2.7753398690360283,38.2769490346783,2.0,,24.140476861992656,1.4755458179873617,24.51729565842372,11.60765389405757,0.05,180.72542268820828,E021,synthetic,True,synthetic_range,Auto-generated for development; not experimental data.
S0206,Aluminum,MgO,ZrO2,sol_gel,fluoride,constant_current,DC,oil,as_received,10.981399419475487,8.442708147014834,47.154751486710005,346.67006270569874,1671.3670585719087,30.118140305800786,65.99594703312795,56.669183602488175,3.8602870064632255,169.30510273858988,3.1956880104876477,400.0,,22.00089977124256,5.0,60.25327128233596,1.0,1.8678266118070206,22.014867988187696,17.67054107105624,8.16200437047942,137.49415088943712,E021,synthetic,True,synthetic_range,Auto-generated for development; not experimental data.
S0207,Tantalum,Magnesium,TiO2,sol_gel,NaOH,constant_voltage,DC,air,as_received,12.320830363312313,3.96778615848811,56.31635026760387,544.5389675211289,744.8891208976055,82.98721524112845,25.498290362375755,50.493395994903196,2.6241752572395995,122.05209661423412,4.971676030911417,25.0,0.0,29.51539247218486,7.0,75.00556559540311,1.0,1.3823540488745054,36.25423729903898,31.874332182447525,19.743571567140627,89.73891758240966,E021,synthetic,True,synthetic_range,Auto-generated for development; not experimental data.
S0208,Tantalum,MgO,Si3N4,sol_gel,fluoride,constant_current,DC,furnace,as_received,,0.34463675006616507,54.235889090163624,523.4581142119903,2920.3167134802534,30.653798266839626,79.2839706554418,19.893444808088674,3.7570989451938948,187.50936317777476,4.838215835449898,400.0,10.765161162808893,32.473042993426574,4.0,69.37507718988886,1.0,1.2361882130495414,29.30227800113325,23.128391359468573,15.080820088570242,83.19272017232136,E021,synthetic,True,synthetic_range,Auto-generated for development; not experimental data.
S0209,Aluminum,Tantalum,SiC,anodizing,KOH,constant_voltage,AC,water,ground,5.826552544147639,6.236277441939074,2.2061360054222994,103.00124625997144,224.70701754603527,40.67673744675905,27.07111147926456,58.423639069638675,2.7969690608184927,141.18692007267566,0.05,200.0,8.040842936431009,5.42681673103359,1.0,159.09473697422553,31.680076661997866,1.6252119624386567,8.189319763193929,0.9714983960237862,1.2306063670490122,118.55606733256204,E021,synthetic,True,synthetic_range,Auto-generated for development; not experimental data.
S0210,Tantalum,Tantalum,ZrO2,anodizing,NaOH,constant_voltage,AC,furnace,sandblasted,10.784295722833559,22.854800578868733,47.71899009767336,247.98365154518433,4122.51283845937,70.7444137002173,12.306335053963688,35.07607906949196,3.7079227488515416,277.2810177669541,5.148994819974384,400.0,6.841455663806863,26.471862034603696,2.0,244.14430327806517,29.54195159760691,0.6830037643948466,39.27721536460505,14.31018745485195,5.649276433298144,213.980885158186,E021,synthetic,True,synthetic_range,Auto-generated for development; not experimental data.
S0211,Aluminum,Al2O3,graphene,anodizing,phosphate,constant_current,DC,water,ground,17.52325070033329,19.941691697192077,27.61759889665812,207.76837295141965,2104.558497353077,23.493629316554873,83.81125287821285,15.938262180636436,1.512357115080764,139.19810313331374,1.038236951137299,300.0,11.07117600748186,19.802318089922554,6.0,222.99263781049885,17.345460604668045,1.4468031904071286,26.447713765242188,10.372451181982917,3.2481626762302795,232.11909114157527,E022,synthetic,True,synthetic_range,Auto-generated for development; not experimental data.
S0212,Zirconium,MgO,Si3N4,plasma_spray,fluoride,constant_current,AC,furnace,sandblasted,,24.246353008380453,47.583934036038684,114.86405345245278,2073.771120809874,23.52109916033769,17.729911580131866,25.11371121047594,3.8247937066986886,93.92674817553227,3.7138784853687374,25.0,0.0,23.324806747667793,6.0,35.55541424450699,18.55008310364196,0.5571452290180339,69.73480650863696,13.292175538722313,1.374929208815032,150.8509747513977,E022,synthetic,True,synthetic_range,Auto-generated for development; not experimental data.
S0213,Tantalum,Al2O3,TiO2,sol_gel,phosphate,constant_voltage,AC,furnace,polished,2.262957530202003,2.563999951978257,1.3962312656397233,397.39915562438046,,51.34046597766261,17.21500656329006,47.341377725576365,3.71805810555658,194.09728504136322,,400.0,8.071561582123305,2.498260494992739,3.0,90.21985738171624,28.12232612252877,0.6685476929168221,19.546511895027123,3.76772402259173,8.501398550936374,116.17207590031985,E022,synthetic,True,synthetic_range,Auto-generated for development; not experimental data.
S0214,Aluminum,ZrO2,ZrO2,electrodeposition,NaOH,constant_voltage,DC,air,sandblasted,12.049361533665886,14.824859650466454,18.00375877083329,186.92418218011838,4846.769443492932,30.71422410978178,90.09350976590854,35.176107836954465,1.6997256817212993,148.99814784509232,4.788578703963106,200.0,10.20238398832246,36.342413725348024,2.0,64.59664096614488,31.509209239823328,0.9578213008649588,38.05704685365276,6.091859616599706,3.916259113936738,138.75052440850027,E022,synthetic,True,synthetic_range,Auto-generated for development; not experimental data.
S0215,Zirconium,TiO2,none,electrodeposition,NaOH,constant_voltage,DC,oil,sandblasted,0.0,0.0,45.32810277168683,222.4329015626489,874.5847638535942,30.030926223367853,11.348256818928183,60.134895893980804,3.0018694596807873,73.97453620021025,3.675065350515072,500.0,8.01232528886284,38.158581833442554,3.0,244.64912521753837,25.996955632573478,0.7869430192219645,40.61115622346631,13.509608684565038,3.927821594966537,156.95435083599784,E022,synthetic,True,synthetic_range,Auto-generated for development; not experimental data.
S0216,Aluminum,ZrO2,none,sol_gel,aluminate,constant_current,AC,water,as_received,0.0,0.0,47.7882265274938,95.17943835070898,756.5391073760558,10.785308320573577,98.12345559051478,30.64247591177469,4.348902505434808,191.2105877494771,1.987721075839032,450.0,6.292284200933292,1.1357950236998584,2.0,81.8342516115193,23.351131894732216,1.7495951182804652,16.372462195061573,11.475236932713255,1.9719373088471217,58.69735235682049,E022,synthetic,True,synthetic_range,Auto-generated for development; not experimental data.
S0217,Magnesium,MgO,TiO2,electrodeposition,silicate,constant_current,AC,water,polished,16.63509662392057,8.045349394808206,37.563161471662816,298.98377938933277,827.6575077251508,41.48821525182558,96.55710724450017,65.23175095088595,1.6228519113759754,184.46160279142535,2.282344904761744,150.0,4.981797225832151,9.298872089618925,6.0,74.28890070853467,13.214191812291904,1.3083607234639922,51.25997310060272,13.607313733763924,8.088683934655705,168.7881646084272,E022,synthetic,True,synthetic_range,Auto-generated for development; not experimental data.
S0218,Magnesium,Tantalum,Si3N4,anodizing,mixed_oxide,constant_voltage,AC,water,polished,12.07239731550448,7.12246547857177,18.774115177329563,129.08393182602825,3292.63741425382,37.05129714256428,21.26024422894309,33.62101679060869,3.8119090280660437,93.29927165829878,1.1842595386924992,350.0,6.286039767099269,8.027572774649048,6.0,166.59256458809702,27.70774947119329,2.476461897204354,14.048649896550891,7.838581761843817,2.2251881894223096,172.032251391914,E022,synthetic,True,synthetic_range,Auto-generated for development; not experimental data.
S0219,Aluminum,Aluminum,Si3N4,plasma_spray,aluminate,constant_voltage,DC,oil,sandblasted,12.03157089015834,14.367440285513707,19.311392885983913,266.0452117897446,4959.476593647992,12.648243920266985,64.61377443685143,55.356140992987015,4.792850227160992,199.40954223996073,6.8862740696076425,250.0,6.508504464502736,31.470876173914206,1.0,152.36104838645304,33.87474060053181,0.47033596719517035,54.15363417592724,4.6866810087211705,6.338935101823086,216.06075116244773,E022,synthetic,True,synthetic_range,Auto-generated for development; not experimental data.
S0220,Tantalum,MgO,TiO2,plasma_spray,KOH,constant_current,AC,water,ground,7.1025331426108735,4.623788138645031,58.03907385487992,121.67111105165075,1177.3758520087736,62.8048201481614,16.11193146142837,66.94906471632672,4.398088638909043,191.83974346437225,2.752645177705399,350.0,4.649566632859896,24.325122305360992,6.0,79.68732643187167,41.809316704872394,0.062120582865908214,75.96549359114,15.256462644154817,1.3709092722138014,151.5801935889183,E022,synthetic,True,synthetic_range,Auto-generated for development; not experimental data.
S0221,Magnesium,Aluminum,graphene,PEO,mixed_oxide,constant_voltage,DC,oil,ground,9.201875412645533,11.754879252454316,26.913518574818067,526.9249449750729,4528.086985337439,63.265690470285094,77.74569027538853,40.06114836184368,2.3068403720612425,243.40315576039774,4.709187565605434,350.0,5.65336170327398,7.916012868572537,6.0,177.4802701981933,24.5705577215639,0.6680522520194356,61.55528383137774,13.508755241681826,14.135678131679839,200.76169841086855,E023,synthetic,True,synthetic_range,Auto-generated for development; not experimental data.
S0222,Aluminum,TiO2,TiO2,electrodeposition,KOH,constant_voltage,AC,oil,sandblasted,17.350112899399235,16.287766012848667,27.380407464386387,122.4912665985713,1393.0827960408621,16.018040100761006,12.236951491612855,18.04232121800558,3.232434798446623,140.39248246065858,3.802068068052717,200.0,9.721527227930494,32.74486725743556,5.0,51.34158648483161,29.986033325797735,1.056430526950829,28.85983012308016,5.796837627501363,1.2184990940886213,162.80159311833665,E023,synthetic,True,synthetic_range,Auto-generated for development; not experimental data.
S0223,Zirconium,ZrO2,ZrO2,electrodeposition,NaOH,constant_current,DC,furnace,as_received,14.604746453859553,3.2481427259109608,33.58763226420127,310.9435769253166,3239.499600626501,36.94853284730351,113.61529847711593,49.80395886882726,4.9629656041371675,112.18988091590982,5.881879266348967,350.0,5.2899037397727104,14.785520000424189,7.0,34.261194526796274,27.729938621671014,0.4378957069559688,51.3499492041364,12.86526023041736,7.656565640543466,170.10120630611038,E023,synthetic,True,synthetic_range,Auto-generated for development; not experimental data.
S0224,Magnesium,Magnesium,graphene,electrodeposition,aluminate,constant_current,DC,furnace,sandblasted,10.63519636406894,23.268327058378755,25.160637874998937,148.48991265949377,202.4947596668386,84.18847021960882,28.889034567501888,79.70158900039252,3.057968351190733,287.80497174269385,1.8335677228152638,200.0,0.7939373163074377,18.973418175430993,1.0,48.1312539553963,23.257348672565204,1.513860688029152,31.37474600224928,5.530248554489957,2.8901051250244847,134.91367091386303,E023,synthetic,True,synthetic_range,Auto-generated for development; not experimental data.
S0225,Zirconium,ZrO2,Al2O3,plasma_spray,aluminate,constant_voltage,DC,air,as_received,7.680531531843234,12.667831251380415,33.60762231124744,88.18090173630462,2478.269872880945,59.48420080078917,83.53288543409418,77.98447131449939,1.0176242109366496,190.30438069569703,2.7589022508512886,500.0,3.7547222003992653,16.10495760750517,5.0,110.27100971466997,68.96725424911713,0.22254960182667816,71.28545329283106,7.112538296759096,0.05,172.95190243804905,E023,synthetic,True,synthetic_range,Auto-generated for development; not experimental data.
S0226,Aluminum,Magnesium,ZrO2,electrodeposition,phosphate,constant_voltage,DC,furnace,ground,1.48240489662681,20.497222898514337,26.507789943285914,151.15430942104908,3272.849831394909,45.01785154101897,19.753513803367657,29.366442606370935,0.7044383965044241,56.78498972104508,0.061238004963726445,500.0,3.165031437054529,21.333828051207952,1.0,244.50359213245983,31.312759346589484,1.031226569692947,29.920809994141695,9.345459944866873,2.870257935574038,157.78381826755512,E023,synthetic,True,synthetic_range,Auto-generated for development; not experimental data.
S0227,Tantalum,Al2O3,none,sol_gel,mixed_oxide,constant_current,DC,air,polished,0.0,0.0,49.77618025652902,77.38705369521804,2681.5988861131427,49.53366391944815,29.103591557579296,64.1202731125764,,255.1779210279358,0.05,150.0,9.626193136067636,19.725556284320287,7.0,150.39433973806007,20.271883624974688,0.8754524702251842,26.63655519076631,12.775334189052456,0.469851984183854,70.53808102604316,E023,synthetic,True,synthetic_range,Auto-generated for development; not experimental data.
S0228,Zirconium,Magnesium,ZrO2,plasma_spray,mixed_oxide,constant_current,AC,oil,sandblasted,4.263991196017727,17.76452348350251,54.634010168098754,119.69869156049441,1189.1769244089555,27.703799527043437,56.859209621587624,37.42186906830429,2.4063274643083075,99.18951522973519,6.921287247406401,400.0,5.666870172425801,11.708776103835262,4.0,196.03974266340276,33.88803415660266,0.4703560253687205,68.66754256054892,17.68300671335568,3.858931373474714,148.61530066539362,E023,synthetic,True,synthetic_range,Auto-generated for development; not experimental data.
S0229,Zirconium,Tantalum,SiC,plasma_spray,aluminate,constant_voltage,DC,water,polished,7.780979093544158,17.91746697777131,55.99450532910634,296.74207888160845,4142.484741339577,79.00992756017388,70.90605625427436,25.417711211900947,1.610658007831375,246.50907941146087,3.5295255919581114,500.0,3.723571244904031,17.557685462259773,1.0,100.72906549094306,55.57569689309617,0.2068024875225197,87.06245190810526,19.127268980165812,6.097408241811035,173.04587144681983,E023,synthetic,True,synthetic_range,Auto-generated for development; not experimental data.
S0230,Magnesium,Al2O3,Al2O3,PEO,mixed_oxide,constant_current,DC,oil,ground,18.910801117987354,21.883742431683743,34.29347614393381,375.9077605287871,4850.682556191202,87.69039996333224,119.86927264504354,58.28445553916206,2.0645241379742614,226.2906067889912,3.288149380363977,150.0,9.823106164178684,36.425148844317704,6.0,188.25459440633242,19.447960907888245,0.7990505942825405,68.40672643619511,13.401939520746069,11.241677664230618,240.17169374337223,E023,synthetic,True,synthetic_range,Auto-generated for development; not experimental data.
S0231,Aluminum,Al2O3,Si3N4,electrodeposition,phosphate,constant_voltage,DC,oil,ground,10.3504911997456,15.359455604420758,27.086764890405224,93.66990753589172,2295.9804784603266,87.4064435912537,7.981516230458576,47.556467419239986,3.9081778994590355,292.20343106578935,,400.0,0.7209932524010381,20.61287132269056,6.0,242.55986358691865,31.420444427559197,0.7238840338758805,40.36915499177888,10.739195558909106,2.856683834739026,211.98912837155638,E024,synthetic,True,synthetic_range,Auto-generated for development; not experimental data.
S0232,Tantalum,Tantalum,Si3N4,sol_gel,NaOH,constant_voltage,AC,furnace,as_received,5.079383183555006,6.9915179354486705,42.609163468718435,270.5093119521342,3179.5963259462683,29.03442329384547,5.0361582590700005,50.049986247619024,2.593613010352231,291.39482539863155,4.360368813679368,500.0,,36.739070006472645,4.0,108.70739586205173,29.94626903140217,0.7666739186068108,28.004033672275302,13.819276639404624,4.8144629688701155,146.45637749065855,E024,synthetic,True,synthetic_range,Auto-generated for development; not experimental data.
S0233,Magnesium,TiO2,ZrO2,electrodeposition,mixed_oxide,constant_voltage,DC,water,sandblasted,2.5621276804995246,2.532765589493156,50.46109188645849,340.623511426676,3952.066341727863,36.41292276099884,45.29221589221902,68.78052304530806,4.408247716366445,118.60265616393998,5.268273250180076,200.0,10.009980423051699,22.45495486490062,3.0,249.7930756417055,13.00639503055681,1.9091015174297317,49.100200892914565,22.537090492496866,8.495402626816782,138.3773416545105,E024,synthetic,True,synthetic_range,Auto-generated for development; not experimental data.
S0234,Tantalum,ZrO2,Si3N4,sol_gel,NaOH,constant_current,AC,furnace,polished,7.096957729757799,15.17595295528103,34.21595228191625,167.11283810553073,1207.44530310897,23.65293585881063,47.10798229727829,36.875338932682496,3.807165149499647,241.61239530585462,4.17682078896661,350.0,6.83249486809463,,1.0,170.45018922696653,25.423236825653504,0.8598082072629984,21.38059263296278,6.954357533506062,3.923427881427937,152.3215262441953,E024,synthetic,True,synthetic_range,Auto-generated for development; not experimental data.
S0235,Aluminum,Aluminum,graphene,sol_gel,phosphate,constant_current,DC,water,polished,16.40674739324561,1.7055024540759973,42.29888028751342,236.03920575801268,4322.251909643927,36.11209635874662,106.64128215134264,58.36115937111809,4.8830636770044125,129.21377144498098,2.821642479193617,450.0,9.396972407664023,12.450061076728804,7.0,194.69011074223926,18.361954822502486,1.8340326302048515,15.83309054098743,13.399712375276293,4.776192183723423,232.31172611733803,E024,synthetic,True,synthetic_range,Auto-generated for development; not experimental data.
S0236,Zirconium,Al2O3,Al2O3,electrodeposition,fluoride,constant_current,DC,air,ground,7.975184471504904,6.070271619653778,45.234031692553636,85.91743486680431,1401.0045265499875,38.288456630421024,109.94699298518972,38.80244535257064,4.498266950554295,,4.016626502354206,250.0,10.139024169763893,31.826126111731906,2.0,85.47679254659299,27.41790197528208,0.7270608694389891,39.761776590561915,11.610042293984682,2.101017247814298,128.64105552219468,E024,synthetic,True,synthetic_range,Auto-generated for development; not experimental data.
S0237,Zirconium,Al2O3,none,plasma_spray,KOH,constant_voltage,AC,water,as_received,0.0,0.0,40.90723282631992,160.06554011654745,3879.154017576194,63.81398765049401,106.26037228132166,,1.6454624530370412,199.43652123864828,2.657770505795436,200.0,11.332580118768206,11.308542906414438,6.0,171.47996921899315,58.93857555778796,0.07172800522722111,90.4092071862481,10.92067229618025,1.9143899355815168,135.41619387090512,E024,synthetic,True,synthetic_range,Auto-generated for development; not experimental data.
S0238,Aluminum,Zirconium,none,PEO,KOH,constant_current,DC,oil,ground,0.0,0.0,45.02187978802926,283.37646295947,560.4961621321103,26.119942431590594,21.465556305895493,39.57098197686268,3.46576654761149,63.635878905291165,5.362894253117186,250.0,1.229382891988387,1.7624488940759473,5.0,142.42137532172524,22.28043898135503,0.7306934040550673,56.55538509471071,19.538383705483433,6.624178357316412,73.57439302905155,E024,synthetic,True,synthetic_range,Auto-generated for development; not experimental data.
S0239,Aluminum,Al2O3,Al2O3,PEO,silicate,constant_current,DC,oil,as_received,2.6610050091247306,4.050436217324557,13.310074620803904,545.2210894626612,1441.9335170708487,88.1487385712582,52.392056045823445,76.75224010826875,0.5924436553766474,51.295437458839395,,250.0,9.691199547932428,7.268428783930029,5.0,240.40858200503592,33.36854006670856,0.36415112188357623,53.77738829128032,6.737894539958716,15.726037220756469,176.44788563212015,E024,synthetic,True,synthetic_range,Auto-generated for development; not experimental data.
S0240,Zirconium,TiO2,none,anodizing,mixed_oxide,constant_current,AC,furnace,ground,0.0,0.0,30.404098274286053,548.1325314695666,2668.099669699339,18.763454957251348,90.77679366392768,46.41206133574711,4.959980259933192,64.44100364870238,1.8808019121361617,400.0,8.650810704528102,,,229.0285105136934,8.621371771064698,0.8857471513564509,34.08088640085713,13.008575575080867,14.486113028509418,115.3749559065471,E024,synthetic,True,synthetic_range,Auto-generated for development; not experimental data.
S0241,Magnesium,ZrO2,TiO2,plasma_spray,KOH,constant_current,AC,air,polished,19.20237323573666,19.782085015038525,35.70784472170015,539.810840562144,2624.6104785215757,10.584630937918309,40.950272795187765,22.034978394396433,1.6745274896116844,81.98551188293527,4.504092353871854,,2.8807944077804306,37.935443033765715,7.0,117.26797176351698,20.75122030978381,0.6301583426089032,80.8913827297059,17.18594940692843,17.753815213579124,224.90976928975905,E025,synthetic,True,synthetic_range,Auto-generated for development; not experimental data.
S0242,Zirconium,ZrO2,Si3N4,electrodeposition,phosphate,constant_current,AC,water,polished,8.341692460619301,20.555923983257966,1.1461979205643618,261.5431931501638,4252.155922431831,82.67033593359533,81.27237327871339,59.70874390945468,3.491577921306128,114.41312283694342,0.36508547984852213,250.0,11.214576062911416,39.99910379629007,1.0,238.31134533841134,25.963858270540335,0.4641740925505511,31.50281860032295,1.2022119255826467,6.849003697660763,202.3930272003046,E025,synthetic,True,synthetic_range,Auto-generated for development; not experimental data.
S0243,Magnesium,Al2O3,ZrO2,plasma_spray,silicate,constant_voltage,DC,furnace,as_received,,7.773110528033804,51.50178802000723,90.34018920733251,4980.636288193036,69.82043366011422,32.27142926697558,77.61965773170388,4.321191295398044,276.7388058106406,1.8338947483085821,500.0,5.1483216235235085,30.726980281161303,7.0,224.65876160500213,57.62028894153548,0.48839135253126814,71.88299300436935,10.999793961807802,2.0584658445279795,180.37881392698688,E025,synthetic,True,synthetic_range,Auto-generated for development; not experimental data.
S0244,Zirconium,Zirconium,TiO2,PEO,NaOH,constant_voltage,DC,water,ground,18.504402460028633,13.746415590727675,36.991445998249816,211.78671862466675,536.0542293007031,40.205588980259876,42.193214665492924,74.01644102537671,1.2220909822758714,179.6581688366716,1.7560415247094898,350.0,10.707521065730248,5.216998386311918,1.0,159.88444708121062,41.23975336573814,0.5275135247780364,46.41854462567283,9.577834508748841,5.108235760481213,235.95965813213203,E025,synthetic,True,synthetic_range,Auto-generated for development; not experimental data.
S0245,Zirconium,ZrO2,ZrO2,anodizing,phosphate,constant_current,DC,air,polished,17.731492490663417,14.097118464154656,8.619043570193993,168.85718768548864,1356.9406641251853,60.61747500236003,103.94940967507564,52.17745445752902,4.315457042647156,249.22293471019717,1.8263487330492827,500.0,7.458807603646642,36.05887295297333,7.0,48.065939933698864,48.18609778968359,0.6670205329410553,29.10665586209499,2.7218767040673573,3.8925381005640602,222.03248733324392,E025,synthetic,True,synthetic_range,Auto-generated for development; not experimental data.
S0246,Magnesium,Zirconium,ZrO2,sol_gel,fluoride,constant_current,DC,furnace,polished,10.681758220575535,11.848535194746457,49.1650672819738,57.06328745492729,1787.9910511153792,29.001248571334838,33.80853915023444,39.45824838265453,,259.57793802680203,4.8070249579041935,400.0,6.557601385221001,30.00727114737807,2.0,65.37385294509829,23.514728128296667,2.4617498770758273,17.373090243689546,9.378217561338031,2.6524390521265184,104.51280042345394,E025,synthetic,True,synthetic_range,Auto-generated for development; not experimental data.
S0247,Tantalum,MgO,ZrO2,sol_gel,phosphate,constant_current,DC,water,polished,11.268935846708189,16.395091591047883,43.30636101999213,97.61680514418771,2394.592039050025,,115.89726999175923,52.744048453100625,2.4888971213843334,233.7357746476353,4.2331052547820445,450.0,2.3345252398037633,13.957536100681427,6.0,46.912333828236044,14.583224901766751,0.8012603806853164,25.473773285491113,13.368726720053841,1.8904702158457936,148.56480272868924,E025,synthetic,True,synthetic_range,Auto-generated for development; not experimental data.
S0248,Aluminum,Zirconium,TiO2,anodizing,KOH,constant_voltage,AC,furnace,ground,4.628951504134435,5.2916737393971625,45.739673064354584,276.595967524533,2469.5487157719954,50.04767648679144,40.21984950773739,68.03551904295122,2.624169301390123,147.84628110514296,2.3381288623740337,150.0,11.014767679304098,20.588838560548353,1.0,53.758485222793425,12.781363622344,1.468234950398576,29.159563183065107,13.742200357072814,6.804623516716566,61.72563404409567,E025,synthetic,True,synthetic_range,Auto-generated for development; not experimental data.
S0249,Tantalum,Zirconium,Al2O3,sol_gel,KOH,constant_current,AC,furnace,as_received,16.479289733120428,24.482118827690517,24.130505249849517,219.8312319021485,4280.975315742083,40.02096552628167,7.705732629676896,70.98042723119953,2.1834082096643117,265.96484846024566,6.740553095201458,500.0,6.901611934665831,26.808614309216786,4.0,244.9295223664771,33.37557554923043,0.7877588620009552,17.97498880264859,10.093781825809346,5.396960260217545,242.12740435854687,E025,synthetic,True,synthetic_range,Auto-generated for development; not experimental data.
S0250,Magnesium,Aluminum,ZrO2,electrodeposition,aluminate,constant_voltage,AC,furnace,polished,10.222700748646465,2.497091685918764,51.397947895004535,140.1768608172415,3852.796513925499,62.29455429549983,34.3136039372956,68.22485252125867,,235.51243833023014,3.08944258453848,500.0,0.5700626632134006,1.937968551257578,4.0,76.67680582755351,40.1169294042746,1.6198886368737015,37.93883536250298,14.046144641654756,2.1086946586151787,157.77256234301834,E025,synthetic,True,synthetic_range,Auto-generated for development; not experimental data.
S0251,Magnesium,TiO2,SiC,sol_gel,silicate,constant_current,AC,oil,polished,1.160617005279852,20.739067473017823,25.427627345809373,408.04998532937356,94.25789518976657,28.542680687687678,24.68856835799396,44.60596459871295,4.616790569161844,235.7878608512631,4.454586518693159,25.0,0.0,20.56009557189591,7.0,181.98800811494587,5.608900693363241,2.739486060906907,26.426988602883185,12.65436495938393,11.27899700832706,62.10058360672729,E026,synthetic,True,synthetic_range,Auto-generated for development; not experimental data.
S0252,Aluminum,Aluminum,Al2O3,sol_gel,silicate,constant_current,DC,furnace,polished,,14.872694874432137,34.66004002378989,228.5577979483093,2275.1088029159396,66.34885454765259,63.28510111501822,22.72576932206495,1.9714510143513009,275.3935817913923,0.7517361848722703,250.0,9.442774957707547,29.56342189694442,1.0,170.03621669020933,26.387286005890836,1.3038259535280439,15.518798280053641,3.4790096032270528,5.634696049545707,203.1930692481621,E026,synthetic,True,synthetic_range,Auto-generated for development; not experimental data.
S0253,Magnesium,Magnesium,none,electrodeposition,KOH,constant_voltage,AC,furnace,as_received,0.0,0.0,1.0378959182925498,475.9339278732722,3090.369191220444,75.18322922573913,17.962347627703902,51.996272738020465,3.106669492248909,199.66586811442093,3.8848880383698985,250.0,,8.34078950395698,1.0,168.85187026766084,22.97742128248362,1.7719363769937329,25.076547595284808,4.274037281073962,12.206047094283614,119.96081226703848,E026,synthetic,True,synthetic_range,Auto-generated for development; not experimental data.
S0254,Aluminum,TiO2,Si3N4,anodizing,silicate,constant_voltage,AC,water,polished,16.66843456174213,18.65459126647448,39.04751376599387,170.48858013155865,2301.9779354651173,24.164072157420325,76.99562088322212,25.167873822168737,4.448581365844953,182.14360749054416,0.05,250.0,7.38549200972367,18.30783236569399,5.0,75.47487991112655,23.79303725790936,1.3347668162061477,29.23351892572275,9.264029719633776,2.568510602945667,169.96312409841212,E026,synthetic,True,synthetic_range,Auto-generated for development; not experimental data.
S0255,Zirconium,MgO,graphene,electrodeposition,aluminate,constant_voltage,AC,air,polished,5.905363734105526,2.157798347142945,43.37237173554826,319.1967450433124,653.2262801285116,13.727954090522857,105.61339311399688,18.962291703360638,3.9784792779562017,,0.05,450.0,8.332442562240773,21.768675038212397,1.0,157.45625076461408,23.814972786770074,0.47092828200165576,40.31004488575801,10.093831000570134,7.384650458126984,175.66144258830133,E026,synthetic,True,synthetic_range,Auto-generated for development; not experimental data.
S0256,Magnesium,Tantalum,none,anodizing,phosphate,constant_voltage,AC,water,polished,0.0,0.0,34.459452563838745,142.06960857459123,1987.370418453241,47.364926900613796,46.68967140742961,47.41340917287596,0.683299691624732,163.6154320410492,3.4621740035428408,400.0,3.7127043189077136,29.687049506410055,6.0,167.61843690868935,34.5649400376789,1.8947799428919767,28.584525548207083,9.692959566310046,3.85246018330752,99.74307621534456,E026,synthetic,True,synthetic_range,Auto-generated for development; not experimental data.
S0257,Zirconium,Al2O3,SiC,anodizing,fluoride,constant_voltage,AC,oil,polished,18.83685254449452,14.770131294963187,30.296970205573345,297.650308192921,2058.2784756486803,75.79204730935716,24.37666272012151,57.59927425303081,4.742558438574481,252.89267400721073,0.05,150.0,7.047108796731243,38.61369472093119,1.0,155.48916966192445,11.452326364996189,1.1385261298986509,25.019644755649704,8.607633534416303,6.146722147952181,230.40202196804287,E026,synthetic,True,synthetic_range,Auto-generated for development; not experimental data.
S0258,Magnesium,Tantalum,TiO2,electrodeposition,phosphate,constant_voltage,AC,oil,ground,18.772723135154177,2.8132204439902195,48.78625194899079,126.2332544891931,938.5796122487939,65.31628602380212,51.002874515207495,70.51957491641555,0.7099110691637573,63.46159011120193,2.8320685989538243,350.0,3.262975578874359,34.08274637216737,7.0,70.9557428006493,40.35908757673714,1.0065248459995462,54.20069251762034,13.914281765638027,3.3343337147343854,195.71751777377585,E026,synthetic,True,synthetic_range,Auto-generated for development; not experimental data.
S0259,Magnesium,Aluminum,TiO2,plasma_spray,NaOH,constant_current,DC,air,sandblasted,10.882098734400953,2.033663799154637,41.20099031274927,130.78931218576096,3781.5355723547673,69.65994623524026,95.3861844668221,65.88431100702974,3.149413134684483,50.32248611408053,5.606444145039118,500.0,11.38262741473143,25.23921838896806,4.0,189.07333135643597,54.080511756064254,0.49335812802488765,74.76629387553379,11.211021455227693,0.08331038898588305,255.79057533298894,E026,synthetic,True,synthetic_range,Auto-generated for development; not experimental data.
S0260,Zirconium,Al2O3,Si3N4,plasma_spray,mixed_oxide,constant_current,AC,oil,ground,13.025189527594934,18.78336651923974,17.406368343481354,356.11168852100786,1607.003400712384,44.241343899436316,73.0210825191535,,3.0890912914182413,182.0731224010892,0.05,250.0,10.391956798015421,23.76198631855756,7.0,46.113495621632424,48.584645542104695,0.06518854491528808,75.15515955997869,8.879772714481913,9.061767841956245,169.11199568886212,E026,synthetic,True,synthetic_range,Auto-generated for development; not experimental data.
S0261,Tantalum,Aluminum,SiC,anodizing,NaOH,constant_current,AC,air,ground,9.520701183860762,7.358750867270737,57.585326946719164,181.89302108788337,2944.936452843081,29.97037134651094,16.63146953267436,64.40447010335788,4.038756038160422,68.40297345409506,2.247574254959524,500.0,3.812492102220895,24.524281029834157,1.0,160.06400260031683,26.282402771485064,0.951410902291315,27.664320034857937,14.215747027218354,5.149301404206683,134.55370232412238,E027,synthetic,True,synthetic_range,Auto-generated for development; not experimental data.
S0262,Magnesium,MgO,ZrO2,plasma_spray,mixed_oxide,constant_current,AC,oil,ground,8.685424658425793,22.238081176641977,42.72876445752511,136.18361328212364,2578.6509047938375,55.201201679191804,66.77652274760884,60.71056079889906,1.1679937333203996,294.1357533632659,3.6364964282164545,350.0,6.581366645928907,22.261967063731177,2.0,125.97705312828893,47.577955193515265,0.6287711224288266,70.46682394843026,11.244970001222127,2.4665297390346526,171.15648720049575,E027,synthetic,True,synthetic_range,Auto-generated for development; not experimental data.
S0263,Aluminum,TiO2,TiO2,PEO,NaOH,constant_current,DC,oil,polished,2.829244500609657,19.063721874702892,59.28839680583305,514.8841250675366,4387.135396081943,27.371083968681734,58.829818867393215,15.658941994145476,1.307166764282167,51.37529350994969,4.549412828343615,500.0,6.257277857269916,3.3151523300980186,4.0,85.06305048927621,12.357547931645353,0.4722204723462699,68.94694392070423,25.274694588266136,14.21331918933589,132.30528517577235,E027,synthetic,True,synthetic_range,Auto-generated for development; not experimental data.
S0264,Tantalum,TiO2,Si3N4,electrodeposition,silicate,constant_current,DC,oil,as_received,2.3866815180413723,17.469846605707016,,71.50162537002554,610.074659314191,71.72943924373058,42.617909442433564,55.696650267598685,3.8844811973226223,229.5374091246616,2.7654575935497734,500.0,11.54026746642585,28.233559388939995,1.0,207.62557758575053,42.42295853012398,0.4685626288415296,40.88396284009491,13.540135129751327,2.174045650528255,133.05827624986952,E027,synthetic,True,synthetic_range,Auto-generated for development; not experimental data.
S0265,Tantalum,Zirconium,SiC,plasma_spray,NaOH,constant_current,DC,water,sandblasted,5.038276860185656,7.001221013204601,55.2156736457953,332.57405634794355,571.3150412673007,26.742148756555547,,22.83131726904265,1.1727713858523128,110.84617394655517,7.2478775251375485,25.0,0.0,28.937135205054517,1.0,68.69636466788046,1.0,0.20782477220711396,79.6035891403081,31.802056146172603,7.477690930283416,92.86214363678266,E027,synthetic,True,synthetic_range,Auto-generated for development; not experimental data.
S0266,Zirconium,ZrO2,none,sol_gel,NaOH,constant_voltage,DC,water,as_received,0.0,0.0,45.56692093229315,324.1319209166326,1501.5983456150789,34.75737767071902,117.82787259633162,18.81336360161517,2.612503071795378,291.88800131801406,5.982794847992215,450.0,6.965616878148018,20.98673412841407,3.0,235.2559871775492,1.0,1.7979845096607139,19.33744309785028,21.423200604576046,6.800593007741287,113.96294397085772,E027,synthetic,True,synthetic_range,Auto-generated for development; not experimental data.
S0267,Aluminum,MgO,none,plasma_spray,phosphate,constant_current,DC,oil,polished,0.0,0.0,36.95633274132108,175.30443720152988,2156.074840629175,53.05630615745546,25.244981787724395,25.1667898868676,3.7924164059491936,145.38541265697404,3.138746925282941,,11.180125841205527,34.94511661069918,6.0,224.60430623066114,25.93596744392582,0.44154424661251374,65.41214995376052,12.149524287898318,3.5641991212458297,127.43554318422555,E027,synthetic,True,synthetic_range,Auto-generated for development; not experimental data.
S0268,Aluminum,Tantalum,Al2O3,plasma_spray,fluoride,constant_voltage,DC,oil,as_received,4.920623712336859,2.334417867545694,11.158069157292529,276.3858725564089,1492.7112437606977,51.37034440219707,27.165432440935728,68.51399049371376,3.4305886795220655,56.82085656596629,3.312360492752174,450.0,2.372327088530419,27.22503530751046,5.0,109.32926037565825,59.32590868377096,0.3035983344935977,52.00070315660641,5.419437117555699,7.431246420153151,166.96756705291864,E027,synthetic,True,synthetic_range,Auto-generated for development; not experimental data.
S0269,Zirconium,Aluminum,ZrO2,PEO,NaOH,constant_current,AC,furnace,ground,11.197974156783047,8.187757917988973,33.05773362800171,93.86889154131774,3815.935411976219,,21.74200959175712,63.35021055150139,1.4477188375089283,56.733941352195686,3.7955512195770416,450.0,6.830584437700888,15.143921656423661,1.0,97.13364478889052,40.341931801217974,0.7603240261285239,35.46588033829039,8.584655691876709,0.7154822392973139,145.34086874369748,E027,synthetic,True,synthetic_range,Auto-generated for development; not experimental data.
S0270,Zirconium,Tantalum,none,PEO,mixed_oxide,constant_voltage,DC,water,sandblasted,0.0,0.0,46.15721482126531,410.6350729619428,1226.3292155464983,47.182791042492944,70.57219945037788,76.6702063383388,1.867821164087385,188.34334293117215,6.315540287515084,200.0,1.7152385841610407,1.7680797903467358,1.0,60.247070352158474,13.812472810134368,0.8340021969472062,59.57909165402133,25.06331406269516,9.952770524353374,35.56739771460633,E027,synthetic,True,synthetic_range,Auto-generated for development; not experimental data.
S0271,Aluminum,Al2O3,Al2O3,anodizing,aluminate,constant_voltage,AC,water,as_received,3.6825303519968484,9.861590853296635,31.7305723636285,160.8485741884116,423.8737138612236,88.15523122335776,56.022001065510544,78.63345681227668,4.8603870645846845,296.67799475782033,2.789469261830688,25.0,0.0,3.307304213409523,,231.5921195054703,12.939257444663724,1.2775116617127773,31.639851322135357,9.565162671808435,2.7684189463488944,135.76576081024362,E028,synthetic,True,synthetic_range,Auto-generated for development; not experimental data.
S0272,Magnesium,TiO2,none,anodizing,aluminate,constant_current,AC,water,sandblasted,0.0,0.0,52.22610857593381,146.69267991327797,2068.9990494207377,81.394398006761,33.69907593305393,73.06345911430884,2.5190177906969775,294.94338376142986,7.357697382951473,250.0,4.705356838950554,14.720132204029666,3.0,168.05700894111985,6.800078806858776,2.4153660149618656,33.96221435794014,18.76259932755545,1.852524431051594,76.46277462045721,E028,synthetic,True,synthetic_range,Auto-generated for development; not experimental data.
S0273,Magnesium,Magnesium,ZrO2,anodizing,aluminate,constant_current,DC,oil,as_received,7.677818784434002,11.882352406563395,7.469698052310198,207.43923913875153,3866.89644069242,84.72464335511427,54.38368904747574,23.640193313504945,0.7000586439637124,134.31824307231645,6.3608542815523705,200.0,11.627814841565408,19.022107682748633,6.0,36.992388071548696,24.046721153229747,1.949286438720766,20.678259653376507,4.0807401040228415,5.659956051454817,100.89450916453012,E028,synthetic,True,synthetic_range,Auto-generated for development; not experimental data.
S0274,Tantalum,Al2O3,graphene,anodizing,silicate,constant_voltage,AC,air,polished,12.710106073889149,14.289728622700146,23.475480534869412,501.184960131571,4252.809717933706,63.50890856929219,82.45501287209756,72.09487816012373,1.488132047598497,170.67591229722424,2.1644584980232437,300.0,5.277205583208053,7.5079736608285765,3.0,142.4198712035543,17.29432205554935,0.6849473159476834,32.9223039271299,11.211996993737351,14.741807321234681,175.11344351116406,E028,synthetic,True,synthetic_range,Auto-generated for development; not experimental data.
S0275,Aluminum,ZrO2,Si3N4,electrodeposition,KOH,constant_voltage,AC,water,ground,18.28800413796919,7.888164457554641,30.85190069702578,448.23332414177133,3666.724241816754,63.97567284816854,37.39556112234247,69.51141376126195,2.0409579034782697,75.11395144945402,3.864696503074832,25.0,0.0,8.383803950482651,3.0,48.87576852246512,7.358324865546022,1.2164067422115257,41.87680860010436,17.972392600933006,13.226798222149046,188.02046169643387,E028,synthetic,True,synthetic_range,Auto-generated for development; not experimental data.
S0276,Aluminum,TiO2,graphene,PEO,aluminate,constant_current,DC,air,as_received,3.444366062983819,3.5751672138231583,26.507192456277377,523.4461455668788,2789.4333924987204,61.78188811585564,110.25326424349375,71.62058089088032,4.9977023193256365,180.54421399793293,4.091652478250813,25.0,0.0,9.978242992394115,2.0,156.2251506896252,19.63138865439762,0.5050870446282941,63.304790895172154,12.705537867882335,16.15896368972265,123.18498632387518,E028,synthetic,True,synthetic_range,Auto-generated for development; not experimental data.
S0277,Aluminum,Tantalum,graphene,anodizing,KOH,constant_voltage,AC,oil,ground,18.311956366354746,6.709994540996327,7.406606321471632,375.9811730165427,3620.9585087458836,46.96515312582378,40.22981727543617,24.859565112571943,1.8621119636461338,199.92539976206828,4.089490257962455,250.0,9.939966951363512,31.440020243474635,2.0,141.97157803057877,16.086845941501117,1.245249143675109,16.058888151212983,3.4494857320551073,9.263227007642167,235.13283870600273,E028,synthetic,True,synthetic_range,Auto-generated for development; not experimental data.
S0278,Tantalum,Magnesium,Si3N4,PEO,NaOH,constant_voltage,AC,furnace,as_received,18.098554364746914,21.499023515987577,10.058169348633202,381.46075551604383,3406.9476765193067,37.37901009071732,27.790588544628125,22.59146880526564,0.6187813195214524,112.76541640283025,5.87919500288009,400.0,8.49088562474202,31.080225797119084,5.0,48.226130010598844,28.092825631686786,0.3739706200936518,41.23670211601915,4.360103076325886,9.345080458817554,206.865039263025,E028,synthetic,True,synthetic_range,Auto-generated for development; not experimental data.
S0279,Magnesium,Zirconium,none,anodizing,aluminate,constant_current,DC,furnace,sandblasted,0.0,0.0,50.419420278473744,290.0154997131085,1171.8331624753043,60.32024543315398,114.77530239037367,75.0475771729653,2.8081470989990116,203.02860897879344,1.6370130754265508,200.0,9.111335721668622,15.934620431137374,4.0,209.48933048569003,16.243028712471776,2.3780251551382308,33.42706151798877,16.665805838572805,5.298318507795279,113.12595617088152,E028,synthetic,True,synthetic_range,Auto-generated for development; not experimental data.
S0280,Magnesium,ZrO2,ZrO2,electrodeposition,phosphate,constant_current,DC,water,as_received,12.810075387468661,9.480817396270982,29.57867129288561,502.5931616834877,2753.794461015969,12.170206156768277,98.21447016359063,26.298732193742794,0.8762242323828968,274.9231879240634,1.4668789752338307,200.0,3.544225003428179,7.722210881791437,5.0,,16.565699367743825,1.3225658658712363,48.04895099794105,12.471839798317728,14.936170433614775,143.2851582592113,E028,synthetic,True,synthetic_range,Auto-generated for development; not experimental data.
S0281,Aluminum,TiO2,Si3N4,PEO,fluoride,constant_current,AC,air,polished,12.592859820578175,19.75815424430291,3.874623178410931,305.4385746351645,3853.04666319216,10.633796671023259,44.46082685699854,38.96041251776908,1.7333041941307483,50.238833355870135,1.2851577536726893,150.0,7.883615254861985,5.3254270174753,1.0,149.12656011667377,27.07125360646868,0.611107290254952,32.19703466830029,2.276200426688662,7.644895474686722,180.06014264419653,E029,synthetic,True,synthetic_range,Auto-generated for development; not experimental data.
S0282,Aluminum,Al2O3,Si3N4,anodizing,aluminate,constant_voltage,DC,air,as_received,12.96464686876178,1.6582129397499734,1.972984279681345,227.53003539751234,1585.603309375691,82.38955523522363,101.76466288154573,44.63901521711392,4.965724292422726,107.23344357698612,6.413920432530863,200.0,0.9372285188620267,4.398043169839756,4.0,170.58855285871758,28.079674908457022,0.836390148036819,25.68679340924785,0.3,4.22615669402936,206.64725840069082,E029,synthetic,True,synthetic_range,Auto-generated for development; not experimental data.
S0283,Zirconium,Magnesium,Al2O3,PEO,aluminate,constant_voltage,DC,air,ground,13.964663248747357,6.3845826436635225,28.935048717665268,370.18750495883256,3269.865733584657,13.946043806097887,64.66363865268701,23.08876430892169,3.6708733351856946,102.47989083098453,1.9498141405459992,200.0,2.7642366547353974,16.259890785075513,4.0,241.70699738653664,20.59340856436355,0.6953378492940061,44.506937658516875,11.535774164234061,9.880357264901859,226.6882218289958,E029,synthetic,True,synthetic_range,Auto-generated for development; not experimental data.
S0284,Aluminum,Magnesium,Si3N4,sol_gel,fluoride,constant_voltage,AC,furnace,polished,0.8214029116250618,,10.698344829542178,323.06974670048174,2407.4021375939924,54.60758777834054,44.87653730002222,16.34122872211558,0.7279998317729166,80.97155075845676,4.536322069691353,200.0,11.221213646860496,2.7761548995236565,7.0,138.6385724335661,15.55812334780432,1.6264640835885693,18.441093689984115,5.242251882555393,8.27749115329189,102.77582103840342,E029,synthetic,True,synthetic_range,Auto-generated for development; not experimental data.
S0285,Aluminum,Tantalum,Al2O3,electrodeposition,phosphate,constant_voltage,AC,furnace,ground,19.18280529363267,24.63484582609714,42.602430813954086,112.00990765494774,2515.7942547251,62.273959850719834,101.55533279700965,79.61588053486255,,91.52530318427547,2.3283600845273424,250.0,9.001205916450575,14.011766447927066,3.0,231.80946990334317,41.732371136197955,0.8280095601542626,37.8799786748897,7.9397353549422,1.8371123001893455,260.5907673515815,E029,synthetic,True,synthetic_range,Auto-generated for development; not experimental data.
S0286,Tantalum,MgO,none,anodizing,fluoride,constant_current,AC,oil,as_received,0.0,0.0,47.924084289137326,246.36270695621477,450.27518891079865,26.844554517907028,91.49898268941065,71.98272091427248,1.2723688068298218,206.47813634134693,2.7042322298382833,200.0,3.152734221376465,38.49979645910436,1.0,108.06861509649374,1.0,1.174575375146835,24.68244071943706,16.268548327777737,5.083201015992842,63.84018260164336,E029,synthetic,True,synthetic_range,Auto-generated for development; not experimental data.
S0287,Magnesium,Magnesium,ZrO2,PEO,mixed_oxide,constant_current,AC,air,sandblasted,15.738583868347222,15.463759112894428,14.46950579896923,206.66270554724,3331.085826526899,86.13712125253761,39.25560690395717,74.30196540779141,1.0532509538095458,75.67359753766065,6.8138065800687215,400.0,1.7809055294718132,20.792680008791507,,218.63618436299888,31.951893710671936,1.4016648804682859,42.115234929431004,7.975013584860289,6.271954088653103,233.59135637514603,E029,synthetic,True,synthetic_range,Auto-generated for development; not experimental data.
S0288,Zirconium,Al2O3,SiC,PEO,fluoride,constant_current,AC,air,as_received,7.856995861696581,0.1743748840970988,35.93843974802506,,4328.4351767726,26.158140598611876,74.76802925466698,33.4965995026877,3.141794360069609,234.63290225518043,4.307957536620198,250.0,11.412573615987768,33.08314161657237,2.0,81.88176992931169,13.96797556725334,0.5459776677103132,57.27902437683962,14.778215313957611,14.300445744213452,150.59524141159716,E029,synthetic,True,synthetic_range,Auto-generated for development; not experimental data.
S0289,Zirconium,MgO,none,plasma_spray,mixed_oxide,constant_current,AC,furnace,as_received,0.0,0.0,10.112233965637774,239.42127848655437,707.156440129314,85.18377392616735,47.47987570477668,29.30660222845354,2.7754515033809706,271.75564763959585,3.126857340677244,400.0,1.7901581596915266,6.041371889920564,7.0,185.64554773579192,50.95715135228354,0.2071469664940641,63.83512451314378,2.8922861834247025,3.7114259140646126,149.44690966311384,E029,synthetic,True,synthetic_range,Auto-generated for development; not experimental data.
S0290,Aluminum,Magnesium,graphene,electrodeposition,aluminate,constant_voltage,AC,water,polished,10.439825867590658,15.906755259678302,18.911376444068836,460.77761631944634,1830.5283110822468,74.85417289330799,5.120976844444636,42.68132628140273,3.842899629419787,281.64693104459224,0.05,350.0,3.456305552543354,11.45507251397849,3.0,49.49463862609923,8.59411703275397,0.7393448490253334,40.61131390464008,10.09262234826673,12.02025194878035,136.90040285442404,E029,synthetic,True,synthetic_range,Auto-generated for development; not experimental data.
S0291,Tantalum,Magnesium,SiC,plasma_spray,aluminate,constant_voltage,AC,air,ground,10.390207326660615,9.52399719571756,53.43893415670457,271.1947969504728,243.33727420417506,30.463151049556487,115.60881026103213,44.465758983570446,4.5153780270433685,215.04395357992522,0.254505481444521,350.0,2.6002909194937573,37.915311337216345,6.0,246.93107847040503,43.380171345406744,0.26700546834325056,95.23956738185439,13.681709514329981,5.17148096175523,248.87986593603497,E030,synthetic,True,synthetic_range,Auto-generated for development; not experimental data.
S0292,Aluminum,Tantalum,ZrO2,sol_gel,aluminate,constant_current,AC,air,as_received,9.02129112207331,23.11079557279257,33.101787397456334,426.750281722805,148.15942988195553,22.81325413346795,68.20734374837622,15.363963526175642,1.6100683584424786,99.34910265840401,1.8219309330850302,350.0,0.5858339347353316,15.95852398042692,5.0,239.86600796972095,15.612825545405721,1.4777718787849603,23.88960599834527,13.305559045564133,12.652399979608349,159.3402896879835,E030,synthetic,True,synthetic_range,Auto-generated for development; not experimental data.
S0293,Tantalum,Al2O3,TiO2,anodizing,KOH,constant_voltage,AC,water,polished,7.124482556160497,19.12986926758686,53.267433013507805,117.64096425559497,4948.2924833587185,36.87978036582999,73.81974919156507,65.65145231638914,4.653463939949287,71.32414388497696,1.4525341134225773,500.0,4.1125499021275065,26.28783900948457,4.0,127.2870004738231,37.35928770287167,0.8207966806230474,26.7665398988827,12.714064070503415,1.897598207717275,152.70065671090788,E030,synthetic,True,synthetic_range,Auto-generated for development; not experimental data.
S0294,Aluminum,ZrO2,none,anodizing,fluoride,constant_voltage,AC,oil,ground,0.0,0.0,14.289620446590911,512.3251098292312,2467.3575415319233,43.82579813297335,73.98751395288892,79.78335747923113,2.8309629764934297,108.00623845174991,3.18326443889163,,11.70305702338577,39.068944387340984,5.0,145.26574795785578,7.4875782845666965,1.098016288052652,30.38405748274672,8.434885762499473,14.249435867258839,73.92614833835368,E030,synthetic,True,synthetic_range,Auto-generated for development; not experimental data.
S0295,Zirconium,Tantalum,ZrO2,plasma_spray,fluoride,constant_current,AC,furnace,as_received,10.787125052695064,18.75039868957985,20.471436251671296,290.27994539945917,1777.5950931762318,30.89169750240849,68.32376799423132,49.36490655663581,1.6647571318330272,290.4892964462606,2.814781675089386,500.0,4.4318880168076,22.480722496898686,2.0,161.51046970996487,47.67530176705044,0.33831645954637146,50.943122197340315,5.83365515768424,8.237171691958403,227.67417090155956,E030,synthetic,True,synthetic_range,Auto-generated for development; not experimental data.
S0296,Zirconium,Zirconium,TiO2,anodizing,fluoride,constant_voltage,DC,water,as_received,7.817923724023135,,28.786176168952206,179.89912281315318,1374.3853831250947,94.90578164412597,38.35550214896325,40.236815175809326,4.306036271461742,290.586300437678,1.3866130392123213,150.0,6.2995061138793975,12.9084920199207,1.0,90.5082631317274,18.039471103647287,1.1714615309769223,23.297198268316965,10.935201605353642,4.059057733865406,99.94464977794233,E030,synthetic,True,synthetic_range,Auto-generated for development; not experimental data.
S0297,Tantalum,TiO2,SiC,sol_gel,KOH,constant_voltage,AC,oil,polished,19.41367171947127,11.551471576301692,29.32472443647803,170.74480318240344,4900.063224724796,29.520448580364388,116.73125436442646,40.52887305937821,0.6598846311306013,145.47972097958552,0.8623715501722695,150.0,9.078261515100486,21.74598978213043,6.0,178.3837157451358,23.225570230918816,1.0717011430051726,23.819670408230294,10.192544336129826,4.366200703184258,224.44845030968318,E030,synthetic,True,synthetic_range,Auto-generated for development; not experimental data.
S0298,Aluminum,Tantalum,graphene,PEO,silicate,constant_voltage,DC,air,as_received,3.872082501455163,16.081020902818906,59.86123006383833,182.53864428748597,1261.2539276084183,80.60396029354284,76.49186743925776,21.245013591186545,3.0177921986283227,131.44788527438766,3.4112217403077003,450.0,6.837421173910985,3.130850773903513,7.0,183.68362825299351,46.938841418578626,0.43086810448737634,68.83103555115886,17.692755995799047,4.132883086362899,165.93094702514202,E030,synthetic,True,synthetic_range,Auto-generated for development; not experimental data.
S0299,Aluminum,Zirconium,TiO2,plasma_spray,KOH,constant_voltage,DC,air,ground,6.733478568728196,22.970682145779314,7.752273819296675,233.36208645898384,3628.5419786887164,23.525008502690184,82.15595646370556,32.300518193660764,3.74729690763485,177.50264556476634,5.454392579166742,500.0,9.051302335241527,5.382425089614956,7.0,145.51682831156063,69.05574369289147,0.11436869501408085,63.52177558153113,1.942336573651854,4.370147438307087,180.31100252608272,E030,synthetic,True,synthetic_range,Auto-generated for development; not experimental data.
S0300,Magnesium,Tantalum,none,plasma_spray,mixed_oxide,constant_current,DC,air,ground,0.0,0.0,51.26593710049386,408.7597663378084,1418.790479029669,93.32079314845554,57.30116709146073,47.63863126125103,1.7598995922026446,122.92202286685018,1.9186227380305385,,0.0,1.2796730970385268,3.0,62.5029523467479,26.357970705646743,0.6463811698269466,95.02151389738589,24.108020119579866,11.902014298381735,71.14180051550015,E030,synthetic,True,synthetic_range,Auto-generated for development; not experimental data.
S0301,Aluminum,Magnesium,Si3N4,PEO,KOH,constant_voltage,DC,furnace,polished,11.094528936601161,22.169619945973643,51.95724032589034,524.8015214503968,352.44752678459554,29.16949395406221,38.104061056439996,43.07012007375533,4.3857136290344805,294.91561291389087,0.05,350.0,,35.484191621035166,3.0,232.220907656152,18.69984482001511,0.49765959291104767,61.921093806550054,15.169129827011721,14.875946555712742,242.49733051859693,E031,synthetic,True,synthetic_range,Auto-generated for development; not experimental data.
S0302,Tantalum,Zirconium,Al2O3,plasma_spray,KOH,constant_current,AC,oil,sandblasted,10.235965010995884,2.483740433985917,33.63871926072945,384.51871506181607,3416.3830725897064,45.84352715660534,12.400132950116875,,1.581280535110932,105.30534750614436,4.928577405396208,300.0,7.970962432935069,,3.0,55.30991811603536,35.66130036340437,0.32507332616933926,64.47423842701636,13.308866933766081,10.750192513037549,171.41410933516312,E031,synthetic,True,synthetic_range,Auto-generated for development; not experimental data.
S0303,Magnesium,MgO,graphene,plasma_spray,silicate,constant_voltage,DC,furnace,ground,13.052939075773326,16.22878185616178,21.29819292729007,323.5831354720504,8.154238149324367,57.47794567527205,45.276472605306914,70.18926716143143,4.279434272292827,142.28567054569214,5.025876428495109,150.0,9.690390163899886,12.634860840177176,5.0,168.4178771163125,29.599381535366327,0.6774500712985074,68.91547316915621,8.449935269031325,8.024366688224454,222.35415843074296,E031,synthetic,True,synthetic_range,Auto-generated for development; not experimental data.
S0304,Tantalum,TiO2,ZrO2,anodizing,mixed_oxide,constant_current,AC,air,ground,19.025034526197054,19.58181196864182,31.634340153009475,274.2989040085673,3378.7425578028474,20.224285788267935,25.251204365865092,29.64074967547478,0.8534523372460576,157.34271892504458,4.241504623284325,300.0,8.667201040212698,9.62529534908488,5.0,52.67949125414613,20.196652137542745,0.9412942987418088,25.48847060928731,12.13147094680621,6.078739118783545,186.68366348510858,E031,synthetic,True,synthetic_range,Auto-generated for development; not experimental data.
S0305,Zirconium,Al2O3,graphene,PEO,mixed_oxide,constant_current,AC,air,sandblasted,6.061811167130414,15.384425170348031,18.255594583587264,464.09723351880825,1251.8829949491155,79.42970573572362,81.14015084955636,16.79817175891028,1.2196741634079409,81.26600577029055,6.433688024204695,400.0,9.605411588109702,27.639987445153416,6.0,62.142156009242974,29.75595410865599,0.1309459121628858,62.02430795555771,10.627564949746544,11.694542002279059,137.92108466662773,E031,synthetic,True,synthetic_range,Auto-generated for development; not experimental data.
S0306,Magnesium,ZrO2,graphene,PEO,NaOH,constant_voltage,AC,furnace,as_received,14.009045600472431,12.41359336360595,48.147339457956434,474.828601223035,3730.5211603575062,33.34827027787054,106.08544675231273,17.48465394337815,2.2144306275585866,145.70620669253248,6.47656759700375,350.0,2.1743728402606104,36.86175052662602,7.0,34.51842908634238,32.35071870696206,0.8075154242051631,72.61947650912747,19.375042915794754,12.438740393707992,172.80929598034137,E031,synthetic,True,synthetic_range,Auto-generated for development; not experimental data.
S0307,Aluminum,MgO,SiC,PEO,aluminate,constant_current,AC,air,sandblasted,0.9882839586010805,15.452810143145866,30.398470363909478,196.51883721640928,3848.750836753247,56.687941636141424,39.816808698250014,23.720972344945793,4.343249807591807,264.18268002549337,5.255606669974675,300.0,8.293247926171214,12.666424551032316,3.0,109.9400984484871,21.376584807798988,0.8763063531915887,43.26660739025872,12.460727610535836,3.844215150387061,94.30509922200422,E031,synthetic,True,synthetic_range,Auto-generated for development; not experimental data.
S0308,Zirconium,Magnesium,SiC,plasma_spray,KOH,constant_current,AC,air,as_received,5.6165752183056785,3.8340095340471416,55.62468855376958,526.710124326715,3620.5361940876896,56.718873908925985,43.281501922615355,,1.150634143070521,85.09025036418961,6.870044110855643,450.0,8.975751991743632,13.54080526608449,5.0,170.70816417284834,27.378526216404115,0.16559632771127392,98.81429018930505,27.19667729455517,11.876006453023901,199.1500176591109,E031,synthetic,True,synthetic_range,Auto-generated for development; not experimental data.
S0309,Aluminum,Tantalum,Al2O3,PEO,aluminate,constant_voltage,AC,oil,as_received,9.54253469593356,5.428489222738947,37.738789317006585,247.55768160319104,122.41720733805195,61.224455447691724,82.09191794033634,67.53201265246511,4.439472079074086,196.0054877065468,,200.0,3.949613973713597,34.315388282557144,4.0,144.73972834123185,30.153533636467884,0.6659562462479867,51.56144908596479,10.692544341297646,5.4486243265529115,150.69409047361785,E031,synthetic,True,synthetic_range,Auto-generated for development; not experimental data.
S0310,Magnesium,TiO2,Si3N4,sol_gel,silicate,constant_current,DC,oil,sandblasted,1.104398375382122,6.783988631710732,31.34484065376632,450.0390345957639,3518.683098218842,14.716308854566748,22.16621493774218,,1.5337918697575716,151.65928451500417,6.425554089247017,350.0,10.557639270197747,35.84165681946634,7.0,178.39861327466687,2.403472863652076,2.76329060397866,21.88331847602713,15.255007648025927,11.572545597034386,100.2880850828583,E031,synthetic,True,synthetic_range,Auto-generated for development; not experimental data.
S0311,Zirconium,Magnesium,TiO2,anodizing,KOH,constant_voltage,DC,air,sandblasted,12.54455448079596,14.964594548719452,42.953091884681484,533.4099390411167,4950.728070278816,24.332594755683267,111.8853040679354,56.28235812837313,2.5362877936753794,92.63418152936369,6.556362950181343,200.0,4.004183437981055,36.647426106361365,3.0,178.50414939160964,1.0,1.3626006748941168,36.87674665005916,23.707669147988657,17.517480858483797,155.05695002907774,E032,synthetic,True,synthetic_range,Auto-generated for development; not experimental data.
S0312,Zirconium,TiO2,Al2O3,electrodeposition,NaOH,constant_current,AC,water,as_received,13.72705686383331,11.07543178993951,30.732044901383823,401.8290504278056,1213.1268426281144,23.701340648485957,46.84237981793055,41.204311409308076,2.08730481917152,53.084041112301456,6.408532305495593,500.0,3.304069372829719,12.433014112261096,2.0,60.838223678732504,23.77682628790542,0.6432725835690359,37.50113193732985,13.598382079222185,10.169654955244841,163.371007836545,E032,synthetic,True,synthetic_range,Auto-generated for development; not experimental data.
S0313,Magnesium,Al2O3,Si3N4,electrodeposition,silicate,constant_current,DC,oil,polished,15.06126843934191,6.149672270021696,54.36587467474738,130.77536322559686,1371.1928611266926,35.67435705034741,16.637936281579087,25.043456030149585,1.031568019765356,118.33582587247506,2.1211998000515093,200.0,10.471613378025879,5.692190136257607,3.0,42.61422875277742,28.109036095447017,1.4294668808006803,42.258299666859784,11.094951249234656,2.037666465531231,180.0716545919555,E032,synthetic,True,synthetic_range,Auto-generated for development; not experimental data.
S0314,Aluminum,Zirconium,Si3N4,plasma_spray,NaOH,constant_voltage,AC,water,ground,10.57320284443874,,11.882311692323636,343.0684775869654,4067.6327479026972,22.31770333295889,25.088660565873774,41.09219206382613,4.749393827836131,65.45724017450048,4.24775994936154,450.0,3.340728138338907,18.15990530794314,,167.57879089562738,41.19968522214084,0.5225621080496717,50.873580560990746,7.465204834292869,7.865069212907128,190.8901447503246,E032,synthetic,True,synthetic_range,Auto-generated for development; not experimental data.
S0315,Magnesium,ZrO2,ZrO2,sol_gel,KOH,constant_current,AC,water,as_received,12.27692096708322,9.379349915315924,58.427572341008435,109.38856154778921,801.9840252804028,88.36331226581463,112.26579874085768,36.60698370400593,2.4718023083849605,144.1921178241838,2.150974354814961,350.0,5.278278317965701,12.534829740506062,7.0,173.70934709455338,24.297128435764836,2.2101072509954722,29.99391679289163,13.069923416939904,1.9521138557857576,162.03381169230363,E032,synthetic,True,synthetic_range,Auto-generated for development; not experimental data.
S0316,Zirconium,ZrO2,Al2O3,PEO,NaOH,constant_current,DC,air,polished,8.2232723999305,11.178491394785786,48.91924255922033,444.57101993446315,3302.918377522758,53.60112829346056,33.4187181624373,71.55168225571396,3.606490676102875,252.55246392483642,2.8584683285514654,150.0,4.731112545423418,35.470800005661594,6.0,152.47482173117498,1.752935613269087,0.5350436454682539,63.3654372863237,23.333375394371032,14.433300051861547,151.2377668968486,E032,synthetic,True,synthetic_range,Auto-generated for development; not experimental data.
S0317,Zirconium,Magnesium,graphene,anodizing,NaOH,constant_voltage,DC,water,as_received,1.3044341338779695,10.272041859897415,51.783268350027306,190.65758693694147,3775.1318875028924,63.00388755472817,81.16091244059794,46.63675953168947,3.08870454498814,229.9213152194031,3.1160063989444224,400.0,10.827710959420132,2.42876273033825,1.0,84.06774259129557,20.473439882402985,1.101682423183225,32.61625230967242,13.433292966782568,3.135222539289147,58.52801344095623,E032,synthetic,True,synthetic_range,Auto-generated for development; not experimental data.
S0318,Zirconium,Magnesium,graphene,anodizing,silicate,constant_voltage,AC,furnace,polished,2.4490611876030046,4.589476734154978,29.4915621098932,397.6074115300093,185.80330909678588,40.38649490884027,22.95900070690049,29.702733497044374,2.7577216258349333,286.84592792544174,2.817424538905655,200.0,5.735210990311589,25.72133831581462,4.0,208.36834773609587,8.870305107381876,1.2461857661213445,27.264776507295124,11.257800693062414,9.978583222718335,94.46688531462381,E032,synthetic,True,synthetic_range,Auto-generated for development; not experimental data.
S0319,Tantalum,Al2O3,TiO2,PEO,fluoride,constant_current,AC,oil,as_received,,18.30409403498432,50.39489141091825,505.04483706509944,2768.810471326131,33.48092198788248,27.321694620109437,33.77206934302569,3.2745993060058205,156.7538543342673,4.9858069922339725,200.0,8.48455273290648,36.341073264176444,,46.650923409176556,8.26110953272281,0.41900351811119385,62.72722397412608,23.558074194214786,14.654123571817175,152.3608339932464,E032,synthetic,True,synthetic_range,Auto-generated for development; not experimental data.
S0320,Tantalum,TiO2,Al2O3,anodizing,fluoride,constant_voltage,AC,furnace,ground,19.913328341922636,11.239033643608007,19.099670931055105,140.5049253350862,2879.3862926794145,52.7700594697381,106.11239517349742,23.870560695274786,4.54254037791093,226.95034964796318,1.6477051338024555,250.0,9.631447403404033,39.090144305436574,3.0,169.10859365069905,31.3174573927759,0.397992466470059,29.64477449370861,3.4490829963537646,1.5583378304356423,243.38304919565314,E032,synthetic,True,synthetic_range,Auto-generated for development; not experimental data.
S0321,Aluminum,Magnesium,none,anodizing,NaOH,constant_voltage,AC,air,sandblasted,0.0,0.0,45.954942535286335,246.42891930058337,1517.214486958971,,22.02382031179461,74.70805418949354,3.646905690623493,216.33543052550507,2.7758059658869447,400.0,7.7208911785925265,26.355093372623685,7.0,56.49053789346188,16.555787671796875,1.0776600797959655,31.492656005334787,13.143461433673602,5.107117120896936,63.07492287006334,E033,synthetic,True,synthetic_range,Auto-generated for development; not experimental data.
S0322,Magnesium,Al2O3,SiC,electrodeposition,NaOH,constant_voltage,AC,air,polished,11.372878188114464,24.102141873876935,9.286559344952336,373.55939403678315,4381.723346987586,39.209903687029964,7.156317474672104,18.272480005370454,2.896160357548495,104.26157578956489,1.197958662270075,250.0,11.35248673073652,38.04699532387282,7.0,173.97849761531052,22.107234604858533,1.772022955768675,30.011406653626242,7.817907228625368,10.34195682861406,167.33123742067704,E033,synthetic,True,synthetic_range,Auto-generated for development; not experimental data.
S0323,Zirconium,Aluminum,TiO2,anodizing,aluminate,constant_current,DC,oil,polished,15.144670681209877,20.40330210930557,19.116063041788014,259.82929640475055,813.7485964992819,48.48382431302286,62.64181679552177,15.835006156133124,3.4033368229968937,125.89562630816462,3.2173477461339113,350.0,9.728836586444093,3.9507190423776244,2.0,121.89967332116922,24.718290383538562,0.887166885771445,23.912339622459996,7.303690050032879,7.106803500011541,165.88356820490958,E033,synthetic,True,synthetic_range,Auto-generated for development; not experimental data.
S0324,Tantalum,Al2O3,ZrO2,sol_gel,phosphate,constant_voltage,DC,air,polished,16.622109146270635,18.10280588459049,27.298227138224238,137.4094708123576,1820.9735475293026,52.98736341067022,104.21358352523748,26.894280679246467,3.228774262290597,182.45738334944008,3.2935579786695826,300.0,5.102376218260926,15.01185549385335,1.0,187.9826721962877,23.477671389963387,0.8929498323849374,20.547894051875083,6.219639155246296,3.754859410714825,197.22438155935916,E033,synthetic,True,synthetic_range,Auto-generated for development; not experimental data.
S0325,Tantalum,MgO,ZrO2,electrodeposition,fluoride,constant_voltage,AC,oil,as_received,11.131495573841482,21.7338421694373,20.01686337046189,64.5358070843985,4243.343435736647,93.6666910014563,42.488970222796844,67.70681116419067,2.449045433688409,249.16432975148047,5.373769922542183,150.0,11.434336197463356,1.339873195742614,5.0,41.48228454492563,33.238262032774486,0.41980362802535853,33.03160332261864,3.5025127248889314,3.656337415176091,124.2054224956233,E033,synthetic,True,synthetic_range,Auto-generated for development; not experimental data.
S0326,Magnesium,Magnesium,SiC,sol_gel,fluoride,constant_voltage,DC,furnace,polished,12.588361613590049,22.67484097745848,23.834009821826832,253.29907185098145,953.2137830299625,28.982419993764942,19.73866112425671,49.025341131020284,3.3114380455870265,165.45318361573317,0.05,200.0,6.532610582620342,39.26616711544192,3.0,152.11825746568095,12.404359631915083,2.043060362970513,15.963289973148955,3.6501126108782986,6.06202071223778,147.46387070022425,E033,synthetic,True,synthetic_range,Auto-generated for development; not experimental data.
S0327,Magnesium,Al2O3,graphene,PEO,aluminate,constant_current,AC,water,as_received,14.086136432853792,8.470368174291744,49.38617994223818,374.6045132909602,4106.870681638375,51.47797401502501,117.95654540004834,55.679813679504115,2.496064100738736,106.93538404388181,5.829252602501324,200.0,0.7596392138663028,,4.0,61.87313775361751,22.813237316550584,0.9486763710148679,70.88472720169482,22.151541393420295,9.769755023677241,168.69200918557286,E033,synthetic,True,synthetic_range,Auto-generated for development; not experimental data.
S0328,Magnesium,TiO2,none,sol_gel,KOH,constant_voltage,AC,oil,polished,0.0,0.0,16.143877636387884,336.9921040762443,395.3458868397786,22.70849785659381,82.82494239128253,38.25255890202276,3.9092647004236056,298.3664225700925,3.3600720290916373,200.0,3.490152716008313,2.0940496936798527,7.0,180.12395895430421,15.31787253304351,1.963391073293732,24.034972633993316,6.802905400967619,6.689611987036041,81.95522015037687,E033,synthetic,True,synthetic_range,Auto-generated for development; not experimental data.
S0329,Magnesium,ZrO2,graphene,electrodeposition,NaOH,constant_voltage,AC,oil,ground,2.884645975454964,15.239754839679575,44.97158915711976,128.12061988032121,2446.14533594995,39.74993478017767,102.82942267403799,19.464069060696055,4.860106175850285,78.89470158841712,0.05,500.0,7.649890250928565,1.707173367930873,7.0,56.39023888857013,46.42253884699224,1.0165783380279014,45.10564333652915,9.107584358735531,3.066605444548123,107.49627103563134,E033,synthetic,True,synthetic_range,Auto-generated for development; not experimental data.
S0330,Zirconium,Magnesium,Al2O3,sol_gel,KOH,constant_current,DC,air,as_received,18.560552827359835,6.719126736824394,5.349012077587459,275.3467219336933,376.65331222851705,70.97141109004437,91.49590131782622,70.65028056199094,4.819394108737532,288.9722268728319,2.9800273116667997,250.0,2.3033713767310227,15.31181027014828,7.0,46.18833104942368,26.386074313040673,0.9100794321051499,15.554952497027477,0.3,6.528706746535913,188.24583011154257,E033,synthetic,True,synthetic_range,Auto-generated for development; not experimental data.
S0331,Zirconium,Aluminum,TiO2,anodizing,NaOH,constant_voltage,DC,furnace,ground,1.0073393692556152,5.587708673604326,46.178607343388585,234.7355230906264,3389.517925307571,24.82928221964884,85.29786150875687,27.473127688151486,4.193311038912412,252.2615721076222,2.3535964098482154,250.0,7.2167825162718415,11.08298070484517,6.0,186.88701560039476,18.475026407186956,0.937781115938533,36.21227872375373,13.089648836370333,5.779606172142621,115.564163563231,E034,synthetic,True,synthetic_range,Auto-generated for development; not experimental data.
S0332,Aluminum,Aluminum,Si3N4,sol_gel,mixed_oxide,constant_voltage,DC,air,polished,16.80589514367662,2.8919860077346007,47.72937132695661,187.10120114669994,3953.0074452780013,59.41486114175367,49.22486772005583,17.148848035432454,3.207915036767683,259.72337982696297,1.4276431932822076,400.0,4.658377256536593,34.030358812457585,7.0,43.977025605022106,16.86634047125024,1.5525505636396777,23.34716021900341,12.834727513375844,2.6226530999120046,186.92127099696233,E034,synthetic,True,synthetic_range,Auto-generated for development; not experimental data.
S0333,Aluminum,Tantalum,Al2O3,plasma_spray,KOH,constant_current,AC,furnace,as_received,1.9964383179140965,16.499889188115496,24.700227754646438,414.6356219301946,4249.292741234014,45.41958700328061,42.299099218418526,52.22576883565759,3.8719939463183324,248.72939577287485,1.6927596404296374,450.0,6.6454330206701515,7.25889172760263,6.0,79.39677994493354,44.20892150056936,0.32204511385315976,74.7283180305632,11.49039255731013,10.933417674920895,120.08785054255634,E034,synthetic,True,synthetic_range,Auto-generated for development; not experimental data.
S0334,Tantalum,Aluminum,Si3N4,PEO,fluoride,constant_voltage,DC,oil,as_received,4.295250126295985,19.53392882621796,43.626191566880756,204.82601501359215,4906.311253719944,14.384261274380204,87.45023852786451,20.41379932499907,1.3012173286589948,102.04273532615551,2.223343078579542,400.0,0.521560750542408,31.835329045333438,7.0,211.44174336764786,42.35498766248277,0.11619002809230994,56.700934365467845,9.007446324692136,4.500668143170127,173.7293395382644,E034,synthetic,True,synthetic_range,Auto-generated for development; not experimental data.
S0335,Aluminum,ZrO2,TiO2,plasma_spray,silicate,constant_current,AC,air,as_received,0.575935854432086,19.035776838949246,54.99316582096085,320.0709761665146,3360.078611497934,89.31139552566779,87.42199594038146,21.224520370889223,2.6555830579126516,208.14559434881045,1.144912229969782,300.0,10.256845578690031,22.623928299635867,4.0,208.1314277178098,49.265336062800095,0.27292524454144373,92.09126049899125,15.782159249121934,8.112651476483839,158.95602529891966,E034,synthetic,True,synthetic_range,Auto-generated for development; not experimental data.
S0336,Tantalum,ZrO2,ZrO2,PEO,silicate,constant_voltage,AC,oil,polished,9.182505757952793,7.941070660765109,48.24206543971709,511.61176763480825,3845.3095692001016,45.15626692489534,114.31766416564572,67.02450704636414,1.6578714424611396,239.18745311273295,0.05,500.0,4.662143109418576,15.718279084794524,1.0,217.90766671177073,30.76107243499402,0.30711937301184766,61.38582470617648,14.073748503033018,12.926452046224568,181.26228890361244,E034,synthetic,True,synthetic_range,Auto-generated for development; not experimental data.
S0337,Tantalum,ZrO2,graphene,sol_gel,silicate,constant_voltage,DC,air,as_received,7.020004920989149,5.1712332691067955,24.036344113420633,319.63799112679123,2528.791391606647,76.63375553884913,70.39587905255706,46.954623305669706,0.5157274149920619,236.42144802541284,2.5711706945748145,500.0,2.11182199419646,6.683070707601772,6.0,101.74197570951702,29.809388958161602,0.7490427846067093,25.656162166753028,8.42885333788198,8.057337230109077,151.32715502427865,E034,synthetic,True,synthetic_range,Auto-generated for development; not experimental data.
S0338,Aluminum,Aluminum,Al2O3,anodizing,fluoride,constant_voltage,AC,oil,polished,3.736861773997033,11.367673752442817,29.568597342523802,358.51145508028037,4563.68450590563,45.386646542203025,38.88142716558246,30.698049396064295,4.850319086024342,117.8913426360194,4.137824567250811,150.0,5.53603235555842,39.90996093242717,7.0,146.17056632504602,7.319803444880407,1.235806291895525,35.38575693600631,11.561394688321563,11.555774753344174,104.49457124078675,E034,synthetic,True,synthetic_range,Auto-generated for development; not experimental data.
S0339,Magnesium,Magnesium,Si3N4,anodizing,NaOH,constant_current,DC,furnace,sandblasted,9.296258135676172,13.69299583300074,46.98209514236252,86.6229930837757,3218.7919109973127,89.67562733419669,61.295811923004905,37.66071751836872,4.387318528333286,95.27984694092035,4.607161308629482,150.0,6.091038875121592,25.10145871593993,3.0,200.13641757335344,9.42892962503996,2.35704858422453,32.12031182703239,14.877744397149534,0.8670599776897373,158.28779935567874,E034,synthetic,True,synthetic_range,Auto-generated for development; not experimental data.
S0340,Tantalum,TiO2,Al2O3,plasma_spray,NaOH,constant_voltage,DC,furnace,sandblasted,8.346232221857584,22.981223842815467,18.26308080109829,139.06707187086815,4417.757031256717,34.689978426456285,75.5770889234807,62.40066362480615,2.8116437831146706,132.0307459786373,4.004537555077526,250.0,7.8301311707061725,18.135907070151777,3.0,60.1368133024377,32.62881512496797,0.48346220126453465,44.75343556904295,6.006733087150397,3.570115477411923,111.0335937883621,E034,synthetic,True,synthetic_range,Auto-generated for development; not experimental data.
S0341,Zirconium,Zirconium,TiO2,plasma_spray,aluminate,constant_current,DC,furnace,ground,15.46939013762546,21.87683769913765,48.42908167822354,100.47559964905673,1177.2600850694043,45.03960522345423,54.07392695134494,19.31301940917912,1.6436852965355306,169.96112009434796,3.5067613693554396,450.0,6.5324680640512165,15.473974705556534,5.0,189.365993427458,62.36381640555542,0.18235043287193348,76.13843753053949,9.572757486072742,0.05,257.5841442102247,E035,synthetic,True,synthetic_range,Auto-generated for development; not experimental data.
S0342,Aluminum,Al2O3,none,PEO,aluminate,constant_voltage,AC,water,polished,0.0,0.0,20.35619741109553,,2483.6889035903214,74.50346042203934,95.98030918634805,22.571240035658644,3.618388445896565,193.44518676591915,2.4949123059175307,500.0,1.0005211937712204,36.323400994603354,5.0,51.446996866824016,35.1228619916409,0.5179711803112701,58.00099130668138,12.019171875372553,10.324611792448753,73.29141931181293,E035,synthetic,True,synthetic_range,Auto-generated for development; not experimental data.
S0343,Zirconium,TiO2,none,sol_gel,silicate,constant_voltage,AC,oil,polished,0.0,0.0,48.553444360746745,467.9605404584212,3649.09460531902,39.21172179887284,72.23051940482134,55.057032274387026,2.4566048804746736,259.2375905797901,,400.0,10.522391703894295,33.02648051943968,5.0,230.9151338979109,3.9029299207659705,1.351067456717734,24.767851073755097,16.91524277384624,9.66483568730683,115.08834510470543,E035,synthetic,True,synthetic_range,Auto-generated for development; not experimental data.
S0344,Zirconium,Magnesium,graphene,sol_gel,fluoride,constant_current,DC,water,polished,2.9260025801672156,24.116301050685966,6.121226157692678,143.2276465972888,1013.6087728134163,40.97035106349024,6.085108677179813,54.453162740361975,4.115072900402147,242.258556926154,0.6134778465627186,400.0,5.7498527155500545,32.63624574636073,3.0,170.2082401525577,19.919712407995032,1.236618641379813,9.094948046134272,3.972667129539859,2.401456621794233,93.50219311496936,E035,synthetic,True,synthetic_range,Auto-generated for development; not experimental data.
S0345,Tantalum,Magnesium,SiC,electrodeposition,phosphate,constant_current,DC,furnace,polished,6.260120496842087,11.664224929367982,3.6194405177248177,159.63587546154554,1056.6989663098914,94.559969740209,70.53158714668098,78.21004199479917,4.997831495814272,219.03763141662904,0.6128819298445851,200.0,1.3853593841296026,25.03174044553332,6.0,138.5271687917463,29.730900887263473,0.3515517188812002,34.255179957907224,1.3217162764523671,2.212217963525273,125.6498965948553,E035,synthetic,True,synthetic_range,Auto-generated for development; not experimental data.
S0346,Aluminum,Magnesium,ZrO2,electrodeposition,KOH,constant_current,DC,water,sandblasted,18.309706788229455,1.2344637609557045,59.862851394819515,211.60364474639144,4890.213702028187,57.22723468367992,77.864435383314,39.345716281604226,2.0708717337044154,115.87232323569015,5.039719824412819,350.0,9.38752472008563,35.63030672513627,6.0,136.64043602677611,20.09479086149023,0.8318233818860411,56.931973131567055,16.428546819277845,4.021620332176379,258.84608723797544,E035,synthetic,True,synthetic_range,Auto-generated for development; not experimental data.
S0347,Tantalum,Aluminum,Si3N4,plasma_spray,aluminate,constant_voltage,DC,furnace,ground,2.2303226136538385,2.134872702104532,52.297970270846655,345.5388084769177,2173.0518036860303,68.59733856196259,110.25504392756812,19.23004576653853,1.599813695651215,169.72012473373582,2.323583760517144,150.0,8.091775816005285,12.671856512760746,7.0,69.89965052588028,53.63990982848081,0.2934972753140248,110.1433014426038,16.678917168759412,9.472216343042879,132.89753030784948,E035,synthetic,True,synthetic_range,Auto-generated for development; not experimental data.
S0348,Tantalum,Magnesium,graphene,plasma_spray,fluoride,constant_current,AC,water,ground,8.433688868121116,9.787389737219963,53.08800270450603,360.89809690000976,909.0772646188583,64.69428990305684,52.577992471381684,49.93993326522581,1.703221199576412,133.85896853199026,1.886751869109037,300.0,7.96853438684605,28.44453927136828,5.0,106.10182194002381,31.111354143626404,0.23772695148271034,97.93040338217698,23.23586529214898,7.5024403990037865,156.5166082479419,E035,synthetic,True,synthetic_range,Auto-generated for development; not experimental data.
S0349,Magnesium,ZrO2,Si3N4,plasma_spray,KOH,constant_current,AC,oil,as_received,18.878840075052885,6.479292927261281,57.12551690879043,393.3769792707288,1657.31940990753,80.37355250830865,71.0637808162062,56.49254276451637,0.9200581055630238,108.73204488763353,4.28417112000255,150.0,5.409511019958952,16.773461953283807,1.0,,12.605717270813402,0.7908647091013703,86.38979959966525,24.349026833709875,10.489127838039105,264.1847250603051,E035,synthetic,True,synthetic_range,Auto-generated for development; not experimental data.
S0350,Magnesium,MgO,graphene,PEO,silicate,constant_current,DC,air,polished,19.03796440865497,4.2900177544586295,26.860662255454784,502.5963781067313,1986.880741329628,83.25513345254815,59.624706832153,24.07418107610619,2.273207884250699,52.561340095869866,5.0236831361170875,25.0,0.0,24.399953533827993,6.0,149.00759658796548,6.408319805356163,0.7975998892068101,64.44338095341726,14.585069274210182,15.327405829012175,244.40756161912566,E035,synthetic,True,synthetic_range,Auto-generated for development; not experimental data.
S0351,Zirconium,TiO2,none,PEO,silicate,constant_current,AC,oil,sandblasted,0.0,0.0,17.92329772612898,197.52007024826906,3115.4262873511057,57.876771259976316,66.14048927392182,50.936028279787784,0.5784127372260919,134.86549264267265,3.353741390729673,500.0,6.667894318454442,39.92796702389502,1.0,,43.142335877366904,0.49982986695655346,28.99201418359805,4.649716768415831,4.9776975625876405,119.08889699338395,E036,synthetic,True,synthetic_range,Auto-generated for development; not experimental data.
S0352,Magnesium,ZrO2,Al2O3,anodizing,fluoride,constant_current,DC,air,sandblasted,13.514239317926549,4.92571873084503,8.671474706056276,379.37949460338785,4615.0732952387625,35.03726637214395,12.739968126934594,27.8548629077872,1.0147800083057401,114.02906692865537,4.569153058437752,500.0,1.0818357483396877,39.39646644633741,2.0,72.95409680002746,23.63825438521708,1.998441511898914,16.913155604628862,6.238362622569869,9.17387461284312,186.22395653574415,E036,synthetic,True,synthetic_range,Auto-generated for development; not experimental data.
S0353,Aluminum,TiO2,TiO2,plasma_spray,fluoride,constant_current,AC,air,sandblasted,9.40653916790298,23.986512844265015,30.571338878769406,329.86142288884605,4932.9503796104555,11.938021043872403,108.18762176630668,69.90745376226944,1.7226308627270164,192.97558174170416,4.334183092300282,400.0,3.93801428850609,20.992141642230482,2.0,181.8797086298105,57.627265237196085,0.29692727879046676,72.64252591026447,8.860804336148806,6.987427252458458,207.7774371487152,E036,synthetic,True,synthetic_range,Auto-generated for development; not experimental data.
S0354,Aluminum,Aluminum,ZrO2,PEO,silicate,constant_current,DC,water,polished,15.192480519008663,19.032929066014116,13.982850908119861,202.91862020628355,3258.4937945555625,62.22427634046721,109.69741908063695,69.28549722594893,1.2193824915926632,65.57544257092805,3.5281938873004846,350.0,11.860782995967295,23.38067463442816,2.0,116.24745823349706,45.36008599281623,0.4151327160883797,48.48891788481876,2.8277698397330306,3.921564281037876,211.02003951230475,E036,synthetic,True,synthetic_range,Auto-generated for development; not experimental data.
S0355,Tantalum,Zirconium,SiC,PEO,aluminate,constant_voltage,DC,water,polished,1.115835948513471,16.041594519524324,56.19750054761986,503.7075932968367,3499.6118039886237,,68.02685513190275,42.92589123989872,3.7947159477532635,117.62989917755027,3.608712581099205,200.0,8.115213624972872,35.99554899635474,6.0,70.2057344564775,13.499998372144734,0.1357595828010624,81.55054870156906,28.487699989236763,16.930910757903863,62.061770536423026,E036,synthetic,True,synthetic_range,Auto-generated for development; not experimental data.
S0356,Tantalum,ZrO2,TiO2,sol_gel,aluminate,constant_current,AC,oil,as_received,3.3110644039664896,16.91667305422999,1.2361865841239665,97.74170597960875,1609.1458484829452,48.295883468491056,69.00388430790873,77.83830738333225,0.9752215589055514,61.19237249710383,5.30151725633694,350.0,5.317742902299204,39.43979278804034,4.0,237.63264535119242,29.710365530338425,1.0876604105661287,11.121603273804867,5.819454931537528,2.622513344948622,136.7412665951556,E036,synthetic,True,synthetic_range,Auto-generated for development; not experimental data.
S0357,Magnesium,Aluminum,Al2O3,anodizing,aluminate,constant_voltage,AC,water,as_received,12.476876669100186,8.320284375295143,9.448607526844173,406.00051341602574,4285.792977243746,24.000021941723467,11.61894413355477,78.6853018392332,4.396973472610361,210.354476128359,2.1889655216385946,400.0,3.0571756838152098,31.36570430241711,2.0,141.4957243104331,23.22830485968465,2.462133430644562,19.70377836193784,8.456598643404117,9.448986983706696,168.35483315358076,E036,synthetic,True,synthetic_range,Auto-generated for development; not experimental data.
S0358,Tantalum,Magnesium,none,plasma_spray,KOH,constant_voltage,DC,air,polished,0.0,0.0,15.542075331922181,413.93685651130096,1088.9916761015745,34.48697619952948,73.76430900877203,23.401320781595267,1.495015266699288,192.04738964215622,1.9496495045310078,300.0,9.069907661852685,3.5421938603865977,1.0,146.1680624527204,31.631970693252338,0.35419664663023054,61.85080760457355,6.389581244664724,9.752689568794354,113.26037557919416,E036,synthetic,True,synthetic_range,Auto-generated for development; not experimental data.
S0359,Magnesium,Al2O3,none,plasma_spray,phosphate,constant_voltage,AC,water,sandblasted,0.0,0.0,12.738445983998508,507.6632638449808,531.9032465548379,53.34905900850849,54.35245583610369,38.9013973141104,0.9886577763720545,134.3700057686183,6.285930677071912,200.0,3.4933385616212007,13.582949639410694,2.0,245.90182024725735,27.72473386018489,0.8086798111137274,61.96695476677412,8.148912513417548,13.6419140488064,151.5664599282458,E036,synthetic,True,synthetic_range,Auto-generated for development; not experimental data.
S0360,Zirconium,ZrO2,Al2O3,electrodeposition,KOH,constant_current,DC,water,as_received,7.348847085495318,23.44575054177269,14.320927758202908,309.29029617567676,4866.279950488254,81.11790361310166,86.54001747696029,54.0208955530319,0.5454798999406634,86.83365010888595,3.2510280061897983,,2.3672561942323966,35.965931256892006,5.0,110.60935017750855,41.184317535827574,0.5406347596096714,39.82511405397042,3.9761580351555956,7.358846438163133,155.52391994834653,E036,synthetic,True,synthetic_range,Auto-generated for development; not experimental data.
S0361,Tantalum,TiO2,none,electrodeposition,phosphate,constant_current,DC,oil,ground,0.0,0.0,39.70680869860953,210.81116910962297,4320.693384102661,24.59901741581575,10.419365408490824,20.514457622793884,3.7184225194496587,289.4799581921838,5.40710519201058,450.0,2.2769213526943037,30.96574772816874,6.0,237.4645506037389,28.776356674617737,0.4388421180371886,42.5842295466033,13.804662601212483,2.3741754006446794,138.16565018085043,E037,synthetic,True,synthetic_range,Auto-generated for development; not experimental data.
S0362,Tantalum,TiO2,none,anodizing,fluoride,constant_voltage,DC,oil,as_received,0.0,0.0,20.323212620475804,463.87033493001024,1518.2256726906667,62.032739435308706,86.75208351389132,39.872607747918906,1.6547753567234391,196.09811184715335,3.1522417765739754,200.0,8.886527710394423,29.947089769952658,3.0,182.8835794498056,16.20391594974941,0.8309312907777467,28.467921775107122,11.00724205147718,11.591553396395494,110.93776882576539,E037,synthetic,True,synthetic_range,Auto-generated for development; not experimental data.
S0363,Magnesium,Magnesium,Al2O3,sol_gel,mixed_oxide,constant_voltage,AC,air,polished,10.110337101341253,17.79351181494423,37.28643853229902,435.40514091619633,3375.853581905246,74.03633218579637,37.9927897407161,31.976185461078398,2.7927437231199868,219.77834164301697,2.2362342813176124,500.0,7.89231792432025,27.049005988257502,1.0,169.28103920385595,5.587725999843634,2.868163096073091,20.38063257200508,14.084792826025792,12.388524605500713,153.54286104336737,E037,synthetic,True,synthetic_range,Auto-generated for development; not experimental data.
S0364,Tantalum,ZrO2,SiC,anodizing,NaOH,constant_voltage,DC,oil,as_received,15.571454198349727,16.428395515751237,53.525218085131186,300.1578072097352,2335.091787065998,89.56403922845998,79.94611300210741,76.88326436283577,1.0022722100247008,182.83718831736297,3.7997010093350267,400.0,1.302770142769152,17.195290135662958,4.0,81.57202642734573,18.09696604967886,0.7032823433826265,38.137696851078815,18.70650395833355,6.649809801741107,145.04690429040974,E037,synthetic,True,synthetic_range,Auto-generated for development; not experimental data.
S0365,Magnesium,ZrO2,TiO2,sol_gel,fluoride,constant_current,AC,oil,sandblasted,5.787188781584263,11.309908012665467,36.55084916601642,433.92868781690555,1615.6410307273545,19.91981379270305,77.11948716089414,41.75307848404558,4.933831654563122,251.63331191155126,4.058616434568531,500.0,1.8229923766653289,16.726411493443365,6.0,41.386247925313825,11.79532743816306,2.1686566967559084,26.863336998588927,14.387071341268301,10.803012242708096,105.35124116494063,E037,synthetic,True,synthetic_range,Auto-generated for development; not experimental data.
S0366,Zirconium,Al2O3,none,plasma_spray,NaOH,constant_current,DC,furnace,as_received,0.0,0.0,41.977434685896505,183.9378010386304,1433.8710538014743,88.74328890398738,31.08677073270674,64.57360580558831,1.0642313258147988,274.09501238703035,5.989225073085768,300.0,7.789238974566136,32.54836701604124,1.0,126.31244442273054,33.6736070309586,0.506289201011687,65.37549675617873,14.413179857020307,3.649582586112189,90.29790914882575,E037,synthetic,True,synthetic_range,Auto-generated for development; not experimental data.
S0367,Aluminum,ZrO2,Al2O3,PEO,aluminate,constant_current,DC,oil,ground,4.350900011333924,4.02935214043336,22.564694595060082,344.75316520173396,680.1372261045324,61.12474048983076,55.65201969987068,40.1358486282913,2.353666669888452,145.67763589940745,0.5161239015332799,200.0,7.067835171529828,12.457431378837766,6.0,32.23761163905952,29.606710635668517,0.6482260662172783,54.216215346926326,7.406906652377453,10.691420499286995,102.15157793132943,E037,synthetic,True,synthetic_range,Auto-generated for development; not experimental data.
S0368,Aluminum,ZrO2,TiO2,electrodeposition,KOH,constant_current,AC,furnace,ground,17.28728028615938,,10.424569589739841,482.59172739393773,2746.590411379196,75.16963493174431,101.09782479113233,23.567784577224305,4.3324227605050964,,2.9492217678425003,25.0,0.0,27.708443035337964,2.0,45.62055236948436,20.36903553434714,0.6326723434731593,45.895652910266115,6.659974795185286,15.703124801682824,144.03752208202764,E037,synthetic,True,synthetic_range,Auto-generated for development; not experimental data.
S0369,Magnesium,Tantalum,ZrO2,PEO,KOH,constant_voltage,AC,air,as_received,16.54981852308409,6.801736845120087,19.91445968454446,208.99225230825624,2232.983450587539,14.570850313327213,74.643039013399,71.10484946045509,1.6019912681618307,,4.649749306397,300.0,2.5474474461775127,29.322132413534305,2.0,160.97188625276206,44.31440648518494,1.0099396314832743,43.43426756644988,6.196640010672329,5.421339742231374,217.9279828086817,E037,synthetic,True,synthetic_range,Auto-generated for development; not experimental data.
S0370,Tantalum,Magnesium,graphene,electrodeposition,KOH,constant_current,AC,oil,sandblasted,18.091918533975523,6.857257618077609,57.89267627354238,291.77499121537164,2560.9321014997217,53.022593229450585,12.90490472751732,15.027099598701751,1.7013730340577802,212.9637617905096,6.522205717609287,250.0,8.85576092149742,33.93768358509962,5.0,189.38380327606603,8.213481337526602,0.5931348102473248,50.13619613945656,22.927556615083276,6.3991783201629024,202.05260175730768,E037,synthetic,True,synthetic_range,Auto-generated for development; not experimental data.
S0371,Aluminum,Tantalum,ZrO2,PEO,NaOH,constant_current,DC,air,sandblasted,17.61080113387306,4.096389376847425,37.68687168273509,525.5224270864447,1076.7858373970223,62.92352229686747,55.93451560189541,18.63615680833925,4.138247821508298,149.78890749413816,5.094280943564041,150.0,11.265109374301321,13.475538037573614,1.0,66.94863302334093,14.468911097794907,0.7896023619292944,58.68322998606391,19.261052663694528,15.757588743013304,183.34161284667118,E038,synthetic,True,synthetic_range,Auto-generated for development; not experimental data.
S0372,Zirconium,Aluminum,Al2O3,anodizing,fluoride,constant_voltage,AC,air,ground,19.212127110160147,8.342809519152308,17.373156046606894,449.10592098586835,4693.0533538662385,36.08087638919142,40.85371775946046,38.68498638330781,1.7300284573640572,51.69539985032624,5.264120051947906,500.0,7.412078617157574,29.93368140668988,3.0,191.15009078823024,26.357421281470973,0.8304189455929516,31.179398293789003,7.765662901964084,11.311279795716489,254.29466027395452,E038,synthetic,True,synthetic_range,Auto-generated for development; not experimental data.
S0373,Aluminum,Magnesium,TiO2,electrodeposition,NaOH,constant_voltage,AC,furnace,ground,4.952556516822556,8.314713954767637,27.604000762564127,493.51951016527636,3192.9559816527076,46.690267688606475,78.78925307483776,59.64838660871787,0.5129208999266583,288.8819671056552,4.7457895023394805,500.0,2.7554952258920147,5.153106005568788,1.0,238.9396818508454,20.941192783088063,0.8183044402625855,38.99959673199621,12.720929438805376,12.197088002634041,176.1365337269934,E038,synthetic,True,synthetic_range,Auto-generated for development; not experimental data.
S0374,Aluminum,Magnesium,Al2O3,sol_gel,aluminate,constant_current,DC,water,as_received,18.670573670508652,11.381766341971618,50.29526920842867,242.62353044522317,4498.003286916684,57.11534149876584,75.67485324895499,37.21077919390042,2.425611742204774,267.1103863846797,3.0575656952811157,250.0,8.314754335767226,6.384407429124284,2.0,193.49873775976326,1.6067927896393162,1.9807857707570078,20.343753559351114,13.199520831992912,5.366542525870535,232.35873715681524,E038,synthetic,True,synthetic_range,Auto-generated for development; not experimental data.
S0375,Tantalum,Al2O3,ZrO2,plasma_spray,phosphate,constant_current,DC,oil,polished,11.638657231363954,4.800966641425419,40.43817067164064,548.2526298172794,546.3558301637772,,6.195781673666161,19.310333145363373,0.5564084435531375,122.7091375865071,4.3734480272159235,400.0,4.445439360779741,,6.0,202.63734830650722,44.32550294545884,0.1484311655257954,91.77204083260551,16.791317297679644,16.151014672320464,256.78007603911715,E038,synthetic,True,synthetic_range,Auto-generated for development; not experimental data.
S0376,Magnesium,MgO,ZrO2,PEO,mixed_oxide,constant_voltage,DC,oil,sandblasted,,4.865538027161219,34.07851760302093,126.28280234190649,3114.254829280874,13.558229659581237,74.88498358312324,35.659602192719674,4.594065277232151,299.43932855821515,7.155019103151389,250.0,1.0668090834357964,3.153805277854644,2.0,184.1567676590418,22.880978879569547,1.5914584364764008,44.13747660389527,11.409745220481277,1.8041001779464494,152.4717428279983,E038,synthetic,True,synthetic_range,Auto-generated for development; not experimental data.
S0377,Zirconium,MgO,ZrO2,anodizing,fluoride,constant_voltage,DC,oil,polished,11.427290971373523,13.566377362997548,53.224609721396625,309.3852916081545,4247.309093220806,47.355950159205854,89.50771020826772,30.92375583436055,3.388159508806494,129.28191863913355,0.8174633674550595,300.0,3.9768949965537326,37.960234537148196,1.0,79.44223690004526,10.712141390334436,0.9737811495308796,34.629608080850744,13.052587301093,7.535994865235966,149.15795012508033,E038,synthetic,True,synthetic_range,Auto-generated for development; not experimental data.
S0378,Zirconium,Al2O3,Si3N4,sol_gel,NaOH,constant_voltage,DC,air,polished,7.180745954680417,3.2654912465283545,40.67393476079063,289.63669114812467,1654.6038990723332,28.174543157339624,93.40395372618117,15.352286988182867,3.1235641979955897,164.7110466147687,2.90023195932001,350.0,10.914228672426518,36.17393660986506,2.0,109.39578727428393,16.825844509704947,1.2675655336656182,22.668135261361662,12.46970632769724,7.077655624560369,131.5452862732302,E038,synthetic,True,synthetic_range,Auto-generated for development; not experimental data.
S0379,Aluminum,MgO,TiO2,electrodeposition,mixed_oxide,constant_voltage,DC,air,ground,,17.237980349321436,38.92105411667463,449.2160954000673,975.7158456799319,87.91908163725473,11.782213594845533,49.76212435672612,1.407152798880634,262.8147565436043,1.2626430828186,250.0,5.228102182023715,2.908414125507883,1.0,238.83873180935979,6.803601561661666,1.1527322282242793,39.36928458670885,14.06162080358371,12.230301586501717,155.70332190919743,E038,synthetic,True,synthetic_range,Auto-generated for development; not experimental data.
S0380,Aluminum,Al2O3,TiO2,PEO,phosphate,constant_voltage,AC,air,as_received,5.205629590561811,23.601480790271783,12.19632009543532,504.308886257506,1325.1065290280983,93.0092991604834,39.92071796763493,22.581984458372094,3.6497578344288635,126.14908783201021,4.832446946585084,450.0,10.443651387357562,33.69415715379887,5.0,175.4663273734261,25.540478528063524,0.48721722594135175,52.850003688128545,9.1441638508187,15.150142903709858,164.73618176382547,E038,synthetic,True,synthetic_range,Auto-generated for development; not experimental data.
S0381,Magnesium,Magnesium,ZrO2,anodizing,KOH,constant_current,DC,furnace,as_received,2.107345794413973,10.698550760526237,7.276932297732059,,1364.668633748995,35.469986189925876,53.44645946342524,33.6872587717833,3.547645896552556,,1.552492546827429,150.0,6.349582450512104,20.846092789510987,7.0,203.5854414654959,12.253165332369521,1.2527412885612994,32.115086816049185,4.544495173137846,11.958339546871695,124.00615883878756,E039,synthetic,True,synthetic_range,Auto-generated for development; not experimental data.
S0382,Tantalum,ZrO2,SiC,anodizing,silicate,constant_current,DC,air,ground,10.183015494370155,22.532577563109385,57.94338490638654,363.40811806515137,2235.994824617676,24.890758766339992,25.673746396414856,56.67733896445694,0.7720860826641422,216.39679178081388,,400.0,6.4452468730354004,28.376552646568445,2.0,243.11281614582902,9.501142653591792,1.0860529254044575,27.82362688328978,21.78293161947154,9.009834120504323,164.6413721381654,E039,synthetic,True,synthetic_range,Auto-generated for development; not experimental data.
S0383,Tantalum,Tantalum,Al2O3,PEO,mixed_oxide,constant_voltage,DC,oil,polished,17.811352676420803,2.5029989485903177,36.33264383592081,263.71459542425185,1629.8180138966577,28.657852830609162,53.38439518397613,62.13251977349351,4.463809388647576,82.61688869310706,1.7769369887125228,500.0,0.5599876922462849,35.5903156026293,6.0,80.91612251278646,50.00886765043689,0.3266072354275887,49.672113689607926,10.331451850082027,3.5088349822409373,235.2755981735296,E039,synthetic,True,synthetic_range,Auto-generated for development; not experimental data.
S0384,Magnesium,Aluminum,ZrO2,sol_gel,aluminate,constant_current,DC,water,sandblasted,12.7879634008505,1.121792803022332,25.525321139639317,305.1629585378671,1356.3703635399565,50.608941705001065,13.179896619943118,32.124615745641464,3.107360133184125,155.58759217292942,4.965112354190977,450.0,,23.502004996030244,3.0,100.77106681184176,16.08626496559192,2.2467781509166205,17.67170608160809,9.240670928722455,6.090049758556797,203.0726703342789,E039,synthetic,True,synthetic_range,Auto-generated for development; not experimental data.
S0385,Magnesium,ZrO2,Al2O3,electrodeposition,KOH,constant_current,DC,air,polished,10.659024838737583,18.048153493970307,35.75222843370284,304.6501566124109,3242.5614920256894,84.33297592462016,18.019987545810935,36.39758861924021,4.066100964673746,127.35248434040662,0.05,25.0,0.0,5.536756911100548,1.0,171.8563636235899,15.164510269703634,1.8258059930450026,38.75409572982978,11.794242843371633,8.626620147251533,140.9414314376303,E039,synthetic,True,synthetic_range,Auto-generated for development; not experimental data.
S0386,Magnesium,Al2O3,SiC,PEO,mixed_oxide,constant_current,AC,water,sandblasted,8.857561905892872,19.037488245888337,4.646905703231208,60.18423684218883,265.1618583594223,52.503078269699365,81.89989772699323,31.04910047828524,1.683113324579799,219.1935764662045,5.603104585740937,150.0,6.0056067688436245,1.1005658089768637,5.0,35.35864423248161,26.77195152992007,1.2111428027317181,32.41146180733774,4.525343900980539,2.9968194812588362,93.28470840270245,E039,synthetic,True,synthetic_range,Auto-generated for development; not experimental data.
S0387,Magnesium,Magnesium,TiO2,electrodeposition,mixed_oxide,constant_voltage,DC,air,polished,9.555831713185244,21.084303112095494,49.5055091603423,301.52290241383884,1701.8188906986497,,,77.19775902055247,1.0492150988905435,83.99234751509294,2.2263489893979367,350.0,3.4936438400681378,20.379939757806415,2.0,155.66819701341524,9.37783042228187,1.6739602895070802,42.133050441239455,17.1721040231275,7.760812330118127,155.70057903802237,E039,synthetic,True,synthetic_range,Auto-generated for development; not experimental data.
S0388,Tantalum,Aluminum,Al2O3,plasma_spray,mixed_oxide,constant_current,DC,air,ground,4.580908277653043,1.4676010760795364,13.782086598295821,477.98540008706243,3448.759829702374,13.390276230617241,86.81167246015083,27.383782254181185,3.6610230793405307,108.18286977523434,3.288980945358268,500.0,5.012404107037121,38.020053152850046,4.0,207.91144349318972,45.97274861079483,0.1962791744144596,66.84655340151895,6.408742755096514,12.652155651704302,201.88434988141282,E039,synthetic,True,synthetic_range,Auto-generated for development; not experimental data.
S0389,Tantalum,Magnesium,ZrO2,PEO,mixed_oxide,constant_current,AC,air,polished,16.547249605265396,19.43383102117292,48.46821437275887,404.6370055711241,879.2487464050297,29.328230377942127,10.53248072191682,26.906739236188958,4.0724720881482295,227.8440509381207,1.1624410370194271,450.0,6.67638959016821,,4.0,164.29754224130753,34.98326024634866,0.3653641648857413,51.67273557243425,11.13776751986956,9.239998786258862,211.94508941933918,E039,synthetic,True,synthetic_range,Auto-generated for development; not experimental data.
S0390,Magnesium,Zirconium,ZrO2,plasma_spray,mixed_oxide,constant_current,DC,furnace,sandblasted,4.3684677839897965,9.444641383274716,32.52832815255303,447.8543110625024,1104.639311064562,81.63555859680145,69.71085110000283,43.92729422904958,2.237150901286811,89.0560924310287,2.360339023186345,500.0,0.6663373179226876,15.544626385440939,5.0,94.98652245714439,51.128077763442505,0.28202613026147283,81.19692366435395,7.88157685251892,11.194405126553134,161.19328526411834,E039,synthetic,True,synthetic_range,Auto-generated for development; not experimental data.
S0391,Zirconium,Magnesium,Al2O3,PEO,silicate,constant_current,AC,oil,ground,14.474143756182604,7.618273935420855,17.31774880575726,245.24249488426048,1003.3331270645873,62.82584739048724,,27.304913348036997,0.6066152389234005,155.50481555997243,2.169030757777238,150.0,3.7727112076236624,2.2059586661556208,1.0,189.30289833393357,19.83934144968943,0.6079224077967442,40.288480515937195,6.110786138193818,6.859078531098011,230.32698516449892,E040,synthetic,True,synthetic_range,Auto-generated for development; not experimental data.
S0392,Magnesium,Al2O3,TiO2,anodizing,KOH,constant_voltage,DC,furnace,as_received,15.319707724174975,4.366946837515258,2.7823869462821573,314.48661845647905,4.630533657024594,57.85141757183477,96.65171007027851,25.186049658564528,4.18214311094239,228.22018052315468,6.569476815589544,300.0,11.880537244356447,36.68419727384981,2.0,62.126957429588025,32.76993803386217,1.2388730331846678,21.54482293700413,0.3,6.6003166978785455,183.03943062469168,E040,synthetic,True,synthetic_range,Auto-generated for development; not experimental data.
S0393,Aluminum,MgO,ZrO2,sol_gel,phosphate,constant_current,DC,water,ground,11.709946319540817,24.90059308980805,49.134167964269736,66.74178449855023,2368.8387591578635,37.112415369524584,95.15443172363962,21.232169950570558,1.427422578486983,241.36709610750134,0.9439847572574516,400.0,1.1600899469364356,13.759109773463646,6.0,226.8501632412737,24.886178103743255,1.2633905432006938,30.762078421460778,13.399529775345966,2.329279108413741,199.50324373972543,E040,synthetic,True,synthetic_range,Auto-generated for development; not experimental data.
S0394,Zirconium,TiO2,Si3N4,electrodeposition,KOH,constant_voltage,AC,air,ground,17.327064311619157,1.6384065535056473,11.411148346689092,241.49897108467178,194.79394708061594,89.00115942892592,48.18935888261344,56.61113112703622,2.025643738538697,73.72029466791712,3.587450171007985,350.0,4.173025113809736,28.486318651288748,7.0,52.20130682890019,41.92083308061191,0.48783151547350395,44.210295601892305,5.872002745152461,5.657763324179291,190.19450530349738,E040,synthetic,True,synthetic_range,Auto-generated for development; not experimental data.
S0395,Zirconium,Al2O3,SiC,PEO,silicate,constant_current,AC,oil,sandblasted,6.1754818727876755,20.683849964469587,4.056501822752534,287.208022446322,1364.6990588745007,38.15015082178125,76.61211162008715,54.78534656862324,3.3270395349970863,262.99890235486953,1.794076909803794,400.0,4.196346962093455,28.07525088234713,1.0,219.96804942773565,39.23547491205121,0.31862086246710436,39.84999404715752,1.9160891898916113,6.89907593351249,190.96574990768679,E040,synthetic,True,synthetic_range,Auto-generated for development; not experimental data.
S0396,Tantalum,MgO,graphene,sol_gel,phosphate,constant_voltage,DC,furnace,sandblasted,17.691535814235834,16.005386165488662,45.59678611872697,177.60444979954082,,80.97027507550047,31.16811991424113,57.26058797206781,0.9497962364508623,230.9930752824916,5.736788733074878,150.0,4.86293809072677,10.901443293381167,3.0,139.51807410197114,12.049706474554924,1.1192105580747689,20.570200666574696,11.410299502939324,3.6550169231543386,184.59402493352104,E040,synthetic,True,synthetic_range,Auto-generated for development; not experimental data.
S0397,Magnesium,MgO,graphene,plasma_spray,mixed_oxide,constant_voltage,AC,oil,polished,14.723503962186431,18.390257084333584,,65.6204894953249,4591.981056951499,86.15179902795015,71.74678616074833,65.26450052061075,0.8239809476230842,134.82364717332842,0.7067794021288092,300.0,8.374980562086972,3.487322751968288,7.0,,39.53639983580118,0.5645973257772305,67.26914498721915,7.276769454730295,0.5786038676983445,209.05825710096957,E040,synthetic,True,synthetic_range,Auto-generated for development; not experimental data.
S0398,Magnesium,Magnesium,graphene,sol_gel,aluminate,constant_voltage,DC,air,polished,16.075621641354335,17.80734214204882,23.97070632990735,395.204054389476,1075.379040781671,51.08347612337162,14.345439803965082,36.21327083151743,0.6156669720887342,240.95071308256001,1.963950655353062,300.0,3.3490536848540926,16.0150147682019,3.0,140.1455873265949,15.023382601410205,1.9284859677419353,23.745238005545325,6.888467579620663,12.232181020383175,197.48048647236197,E040,synthetic,True,synthetic_range,Auto-generated for development; not experimental data.
S0399,Aluminum,Magnesium,none,electrodeposition,KOH,constant_voltage,AC,water,ground,0.0,0.0,15.57698764956242,267.54387542442157,1550.0121595696637,,54.97949267364016,74.6975426847749,4.624879371077549,232.07471633516477,1.7697432935091673,500.0,5.793097457564607,13.368109539650796,4.0,74.04538668044266,41.3946029656366,0.8305811793693884,38.58437719193519,4.301005694753984,5.711362538007054,95.28171720055087,E040,synthetic,True,synthetic_range,Auto-generated for development; not experimental data.
S0400,Aluminum,MgO,Al2O3,anodizing,fluoride,constant_current,DC,furnace,sandblasted,17.0036888313044,4.635612142909902,51.69153024311693,257.83909655611706,2318.5229113427577,33.528279428239,26.01368337688255,62.65829971946914,1.9012223492089504,200.2228066270964,2.1657580255723974,150.0,7.915931018803166,28.309999556020706,7.0,130.690827502939,4.5333653899605295,1.246654254312255,34.573777248119896,12.625540921517782,6.351473886305526,181.30926515742408,E040,synthetic,True,synthetic_range,Auto-generated for development; not experimental data.
S0401,Tantalum,Magnesium,Si3N4,plasma_spray,NaOH,constant_voltage,DC,oil,polished,19.8654278229939,0.07057419002540015,18.542442040285394,174.99337701425446,4222.067733296218,65.96684122557845,106.58883594052512,67.30605825777715,3.4729646680270934,189.6202933514611,1.338933519819477,200.0,4.206703670778769,32.971517330733725,7.0,216.93835949770488,52.43433428853111,0.11925817679081235,77.52442374198964,6.107480780219918,3.079220283009403,328.79878032134417,E041,synthetic,True,synthetic_range,Auto-generated for development; not experimental data.
S0402,Tantalum,Magnesium,SiC,plasma_spray,silicate,constant_voltage,DC,furnace,ground,8.693175663230454,14.98328580162949,13.401361615310407,318.91519949900857,4013.2297069654555,17.476918624572832,56.16359406618565,61.86254064873623,4.951558620579839,233.67587222489638,1.665737253929795,25.0,0.0,9.675371278275312,5.0,206.21015328813579,24.486307562918686,0.2458484641069738,59.715999343837396,6.892156208124947,8.797262847730725,193.9507651969683,E041,synthetic,True,synthetic_range,Auto-generated for development; not experimental data.
S0403,Aluminum,Aluminum,Al2O3,electrodeposition,fluoride,constant_voltage,AC,oil,polished,16.371355832336622,8.878773051117182,19.24573385383321,269.01339063536574,631.2071828314108,50.28440819785348,72.93898109331651,38.29961695311652,3.5125285710287457,299.8149754263636,2.380423270275535,150.0,11.766235301840835,21.60101172128125,5.0,65.87067758809243,27.08427283004555,0.8426642095241705,39.76053634618632,9.561378916515858,6.682174241958216,168.8395329810856,E041,synthetic,True,synthetic_range,Auto-generated for development; not experimental data.
S0404,Tantalum,TiO2,Al2O3,anodizing,silicate,constant_voltage,DC,air,as_received,15.019305310601654,3.138493911372585,,286.9922365145455,622.2442417417607,28.47320318345957,46.443913937951194,33.397111724071266,2.86292658135281,194.63806232897133,6.736874044345925,500.0,1.8762460284063782,2.583725548138305,5.0,178.15261518839358,18.129128878000383,0.8895593132773323,17.056561079389596,7.674557035030509,6.327231936641271,212.84913752976453,E041,synthetic,True,synthetic_range,Auto-generated for development; not experimental data.
S0405,Aluminum,Tantalum,SiC,anodizing,aluminate,constant_voltage,AC,furnace,polished,9.33096823138435,4.694161914900759,19.741658027507242,340.435674218191,2083.6612694702235,15.334878624101245,38.205219052577334,42.46360952263592,2.8441397008275735,252.17946794056198,2.073103382812719,450.0,4.453928670609317,9.355977094405015,2.0,218.50419829239357,37.09547553879588,0.9951306416416559,24.593119810898312,6.608113867322375,8.40572286168036,196.370780195919,E041,synthetic,True,synthetic_range,Auto-generated for development; not experimental data.
S0406,Zirconium,Al2O3,SiC,anodizing,fluoride,constant_voltage,AC,furnace,as_received,18.575505494783982,,5.893237149222209,53.16232361986768,4350.47694806886,10.316668186597763,28.33577505207636,21.3069734346683,2.1961271680499825,236.06842932889572,,200.0,2.891678802774466,30.70870260756124,7.0,210.34886949613804,19.52112492850353,1.2476665219324994,12.116103804194374,4.974679499814778,0.5875165966427865,237.93005138258115,E041,synthetic,True,synthetic_range,Auto-generated for development; not experimental data.
S0407,Aluminum,Tantalum,Al2O3,anodizing,aluminate,constant_voltage,AC,oil,polished,8.191305626665596,1.8023226036232456,10.353271718048042,503.84795176921125,4410.424995477511,37.60392989746871,109.86523200670726,44.33323260178656,3.199008451797884,263.9521005084564,2.023190185519077,400.0,2.6480803489068245,31.942534499073826,1.0,123.63913752537991,41.65630534858796,0.7950662355244512,28.72448013008398,4.394650859295021,11.87153819049044,155.69006503117242,E041,synthetic,True,synthetic_range,Auto-generated for development; not experimental data.
S0408,Magnesium,Aluminum,ZrO2,PEO,phosphate,constant_voltage,DC,furnace,ground,11.526585367386632,1.4699843931048489,25.606120120372726,85.54369847254063,536.8292484326508,60.11010053562484,96.93856497909955,17.80416390119059,4.814561252955669,288.6312153460346,0.23450547516214282,350.0,6.146268140890214,31.279774074620327,1.0,40.580424876145486,47.411903732629035,0.7534687307913719,40.244800223155295,2.214117549959741,1.7580389180016898,187.46028151375728,E041,synthetic,True,synthetic_range,Auto-generated for development; not experimental data.
S0409,Tantalum,Zirconium,none,PEO,silicate,constant_current,DC,air,polished,0.0,0.0,52.888544479802704,275.46237365799726,2871.4864398277577,48.69457955034837,20.32503160956855,15.256487401767643,4.046198151642395,98.2708018652038,0.6579020821280472,500.0,6.9840117435511075,6.553129074542535,5.0,234.8572730542248,51.62779676911846,0.13557469378070855,57.055826293422285,12.491546977188694,3.764406033891575,141.57330225483236,E041,synthetic,True,synthetic_range,Auto-generated for development; not experimental data.
S0410,Magnesium,Magnesium,SiC,sol_gel,NaOH,constant_current,AC,furnace,polished,4.902616284292192,7.836963596374719,4.380154056614865,153.6864376196907,778.3759856255646,35.65039037415717,90.8733607735568,75.54743106585502,2.4090197766495685,91.36490909877907,1.7043542887398415,200.0,5.394998466872391,22.490354371268275,6.0,117.09472548657364,25.594494779531715,1.7418144064212748,16.412638913220068,1.4305161827017903,2.919875747850214,111.82058549714793,E041,synthetic,True,synthetic_range,Auto-generated for development; not experimental data.
S0411,Magnesium,ZrO2,none,PEO,silicate,constant_current,AC,air,ground,0.0,0.0,13.547807698841808,311.8911846849377,3430.646550013914,94.25200261598134,53.131039359215116,59.80689593821304,1.9960017306463995,196.58795710372522,1.5196757605240903,500.0,3.634381040619648,17.485628163291935,6.0,109.41486019639562,51.581413189353306,0.7294951867313334,51.20190852941277,4.236800841458686,5.807741210859019,108.85003937994644,E042,synthetic,True,synthetic_range,Auto-generated for development; not experimental data.
S0412,Magnesium,Aluminum,TiO2,sol_gel,NaOH,constant_current,DC,furnace,sandblasted,8.232778095162523,24.110956857843476,54.59239485695418,190.11505439856893,4582.166239644533,89.85962839827262,6.7706153204655335,51.52005155928798,4.475891883304047,162.3237657216261,6.6083927964417,250.0,3.704148103916856,39.66796557500853,5.0,197.09328778533884,16.106965020238135,2.783923863023957,25.720406481437127,15.254472990674433,4.640681836375019,134.44855731522756,E042,synthetic,True,synthetic_range,Auto-generated for development; not experimental data.
S0413,Aluminum,Tantalum,SiC,PEO,mixed_oxide,constant_current,AC,air,polished,8.184639743597534,3.607153494061489,53.51086577543538,480.00324903130195,2273.8464623779682,20.680531081187233,65.76224184326554,37.17163256249876,1.1110362153196722,192.6806732297923,3.3040090529596533,,11.909473797918404,26.508724893275108,3.0,88.07388740824496,28.552868554820794,0.8809830839930775,57.13279986074957,19.938931522805238,14.379048913861265,171.17562314760096,E042,synthetic,True,synthetic_range,Auto-generated for development; not experimental data.
S0414,Magnesium,TiO2,Si3N4,electrodeposition,phosphate,constant_current,AC,oil,sandblasted,5.296629854717095,17.887361357259962,41.087599164460535,248.1799169812101,415.4138734602575,45.28413126682206,19.955340609759602,52.08497095452982,4.323133656339358,249.51068362137713,4.912019866320174,250.0,11.12228980088788,37.472881564433436,3.0,213.64454309680423,20.680490003544797,1.8845774531874264,41.57984277946026,16.663504859654424,4.0560119665797,119.95225594331156,E042,synthetic,True,synthetic_range,Auto-generated for development; not experimental data.
S0415,Magnesium,MgO,graphene,anodizing,aluminate,constant_current,DC,furnace,polished,10.08640151880036,15.040081983720377,15.18793969161904,369.3777778842187,2896.2709794727275,65.15198938945693,29.142446005763386,72.95242546199157,1.6478454260404956,282.9286200123116,2.198254352296474,400.0,1.3728366713776075,6.668661895329066,3.0,46.73134338024944,1.9944006085526205,2.1742250435479344,22.365255627638827,8.904945480861599,11.270245590507614,130.67064971017703,E042,synthetic,True,synthetic_range,Auto-generated for development; not experimental data.
S0416,Zirconium,Tantalum,Si3N4,plasma_spray,silicate,constant_current,AC,air,polished,16.21343074633714,17.281644473973582,25.768823102291357,174.43986407393948,2042.5833506792735,72.34671779004462,85.04471056377069,57.4047087063512,3.72033156099163,154.35395629963955,1.6438966479054946,250.0,8.050332497955445,18.584057650908935,2.0,192.9564641575664,51.3493243135957,0.48052063409760437,59.365100694586445,4.185951786208468,3.536040002281675,271.6265014316947,E042,synthetic,True,synthetic_range,Auto-generated for development; not experimental data.
S0417,Tantalum,MgO,graphene,anodizing,phosphate,constant_voltage,DC,air,polished,17.95570029658792,2.4499654503611454,,59.703075247008755,4054.493761669801,41.14163316730668,34.571334271237546,54.16132986697777,,229.4831613859061,2.911935395008867,450.0,5.7540924860757094,31.092696404128876,3.0,242.47368789713695,35.241167019886376,0.6493423575264258,12.850499804087669,1.7530653764927577,1.611310643611204,283.5328924034094,E042,synthetic,True,synthetic_range,Auto-generated for development; not experimental data.
S0418,Magnesium,ZrO2,TiO2,plasma_spray,KOH,constant_voltage,DC,furnace,ground,1.8672314248615858,4.7545739619322225,8.586722038386991,252.07726780663805,1701.7223196319387,73.43395408250456,107.56714321180891,44.91329269315907,2.6464843276856267,99.19979696035234,0.3351822761218479,350.0,8.421362117790363,15.346451393185703,1.0,249.06913531231817,49.04054199290775,0.5199523181959675,57.37121759570893,2.318208351544455,4.16970885866927,167.7329776798698,E042,synthetic,True,synthetic_range,Auto-generated for development; not experimental data.
S0419,Aluminum,Zirconium,ZrO2,plasma_spray,aluminate,constant_voltage,AC,air,sandblasted,11.709004259182251,1.9621346031994933,23.4199052763196,318.2432447791451,4374.486002362946,20.552751097407654,80.57452221877953,37.470306992305765,1.3652778926402345,183.6379873386309,2.4589458104797437,200.0,7.365048113716365,25.66783134999222,3.0,233.23695921411658,42.597639446473224,0.4479100396959678,64.56321844981086,10.255071248897107,8.527879864426124,222.73209112049216,E042,synthetic,True,synthetic_range,Auto-generated for development; not experimental data.
S0420,Zirconium,Al2O3,TiO2,plasma_spray,aluminate,constant_current,AC,oil,ground,9.611830673900524,15.123148420165926,34.973474699150664,279.77357563087514,1368.5020381739243,38.2040731469049,100.71260076474304,60.405562404911265,4.30145484558069,55.45119444512998,1.3883864850405299,500.0,10.7264026009478,20.956384722572768,7.0,221.56772918938807,57.19002180441316,0.3704822740214596,74.45497746972478,9.640762541936896,6.126702991494377,224.7630375201175,E042,synthetic,True,synthetic_range,Auto-generated for development; not experimental data.
S0421,Tantalum,ZrO2,ZrO2,anodizing,KOH,constant_current,DC,furnace,sandblasted,12.478496084195777,24.665447342434824,22.236027852423508,531.00718190943,787.5881794434297,70.89681993925193,,78.76376116602793,2.1537875527399164,175.93764178327424,2.5099892371203394,400.0,1.2703656143214876,39.685246959501704,5.0,91.35364938070065,21.56936931859794,0.5290959308491043,33.59646115587144,7.522386759538327,15.56331097194544,170.3039395411293,E043,synthetic,True,synthetic_range,Auto-generated for development; not experimental data.
S0422,Zirconium,MgO,ZrO2,plasma_spray,fluoride,constant_voltage,DC,oil,as_received,9.221875894711248,16.816014214565637,37.03864847749222,403.41958692301415,1532.4018865928995,63.18303717213188,104.91770296753182,42.60925007883836,1.943061172171337,186.33411478137498,4.994882442246419,250.0,4.520375988663614,7.781029062554167,1.0,242.66263977854808,19.276540741198488,0.19361124893685233,85.12691031096442,18.187659442338987,9.404958333404783,217.047433329843,E043,synthetic,True,synthetic_range,Auto-generated for development; not experimental data.
S0423,Tantalum,Tantalum,graphene,sol_gel,NaOH,constant_current,DC,water,as_received,8.273574006641596,17.783500298797144,18.479029387379022,547.8349003126976,174.57895911373257,81.16286826324067,46.59373762754727,40.49333826092305,2.795072820590478,233.8613339445828,1.1461330962968472,150.0,11.833182446419224,37.478599117874985,3.0,234.13725063915763,5.044341053966767,1.0674714198144808,23.42590279179348,11.544088715148266,18.010285385018612,134.77369622411217,E043,synthetic,True,synthetic_range,Auto-generated for development; not experimental data.
S0424,Zirconium,Aluminum,graphene,plasma_spray,fluoride,constant_voltage,AC,water,polished,9.701673892375043,24.615396786504864,21.405181137886625,197.53004515698598,1406.2298343712066,13.98284692670818,68.15116634184167,42.82737570372776,2.45788808496763,212.3711975517479,0.24504720083382558,500.0,2.5962815133920927,16.661267198328574,2.0,147.56195154554104,57.68011475324193,0.3146659120244761,48.1049821450023,6.151272846251895,4.762951743172064,179.63637366429984,E043,synthetic,True,synthetic_range,Auto-generated for development; not experimental data.
S0425,Aluminum,Aluminum,SiC,anodizing,aluminate,constant_current,DC,oil,polished,11.848983010750075,16.966388276586315,47.64974190703197,444.5266398035733,3300.5881694101536,24.823296014959126,64.32739605109836,42.6603579232319,3.5737349766742588,139.5991835764504,4.62538784604294,400.0,1.964334554326443,19.251725688714483,2.0,118.45708396660952,8.917800240704338,1.3206518180084579,36.61127506388838,18.216607089666216,11.763424317806923,145.70582145199393,E043,synthetic,True,synthetic_range,Auto-generated for development; not experimental data.
S0426,Magnesium,TiO2,Si3N4,PEO,silicate,constant_current,DC,oil,as_received,10.269172615119647,1.0525302370803347,,327.77923377330694,711.4148927829617,14.12203949311715,108.9359314289666,79.39061026895219,1.1173901376769941,51.43272517828033,6.885504574510313,400.0,8.883178069006618,21.61547346390918,5.0,54.03879578280141,22.187199837465286,0.9679970644469017,66.48875582539749,21.73200714312687,8.262495985337363,167.89199890844665,E043,synthetic,True,synthetic_range,Auto-generated for development; not experimental data.
S0427,Tantalum,MgO,graphene,anodizing,KOH,constant_voltage,AC,oil,polished,9.7068167949026,21.68178974137211,20.00001081033207,355.8801772242497,556.8248639329398,26.32970906118296,23.965271989990555,60.94058673810714,2.4606034432154282,78.87146840573723,2.176783819185749,450.0,9.44050434020083,11.349295427909613,7.0,159.93949712152744,17.990620382477836,0.541183374964864,29.979900049946306,7.166485625841377,9.714251996946894,201.94939469538144,E043,synthetic,True,synthetic_range,Auto-generated for development; not experimental data.
S0428,Tantalum,Zirconium,ZrO2,PEO,aluminate,constant_current,DC,air,polished,16.447788544182572,9.148723344950968,34.7194322793713,542.9266002211639,661.9264562717519,10.364038903799475,71.47698776646963,38.34698919868846,4.512658150513418,293.2651633793631,2.222683430828374,350.0,8.231145798258591,38.58264026182093,5.0,184.12010867488348,30.911800535973253,0.48432652962306616,50.70367948970167,13.304913428171337,15.282102047512627,219.7507385953913,E043,synthetic,True,synthetic_range,Auto-generated for development; not experimental data.
S0429,Magnesium,Tantalum,SiC,PEO,fluoride,constant_current,DC,oil,as_received,,0.15887235679214837,17.411574749643815,376.99359987555846,387.7583713073318,52.85787564270363,91.75958733610274,39.14765429873697,0.6622821924787645,280.58328957882645,5.563052697200885,200.0,9.42625203073914,36.54800100415679,4.0,118.87924829993638,39.60938793994416,0.6363456843968305,57.75435844685178,7.92302176294333,10.650615203113345,220.56587317287173,E043,synthetic,True,synthetic_range,Auto-generated for development; not experimental data.
S0430,Zirconium,MgO,Si3N4,sol_gel,KOH,constant_voltage,AC,oil,as_received,7.15688063653326,12.705492730142474,4.146743860738224,499.4084461684589,4373.177059214698,54.906723623301716,47.55572246137094,43.001800108363625,2.5580224991899687,131.27329077028634,1.213518507961393,200.0,8.47779807907148,38.94329890824314,2.0,119.326503338717,4.349015631161938,1.0046418940709316,21.835303431717318,5.202492738735988,15.244260937815419,103.74654898989215,E043,synthetic,True,synthetic_range,Auto-generated for development; not experimental data.
S0431,Magnesium,MgO,TiO2,PEO,NaOH,constant_current,AC,oil,as_received,16.111253791548748,23.428524271862777,,412.8751173596235,4720.575577482641,65.92080141950956,104.77187533083729,17.38629219272923,3.4723938487334456,114.71323498097192,3.519426743215771,25.0,0.0,39.879863316171395,2.0,156.12850595714684,14.484200425753997,0.8098419577117708,74.4965761373738,20.14718756382339,12.793388250070274,209.2034387728157,E044,synthetic,True,synthetic_range,Auto-generated for development; not experimental data.
S0432,Zirconium,Al2O3,SiC,plasma_spray,silicate,constant_voltage,DC,air,ground,17.146188045587753,6.470400645514831,11.089205510932869,113.69306086237503,232.80575864393137,42.717558012088695,47.896698213939416,49.30806613138125,4.494699891688934,159.10407342250937,0.18898450270826306,25.0,0.0,27.12220371205791,,36.112501099575596,32.96543870384492,0.837840557239165,45.7526656641145,5.894695586893213,2.5274865201098184,171.59395319862801,E044,synthetic,True,synthetic_range,Auto-generated for development; not experimental data.
S0433,Tantalum,Zirconium,SiC,sol_gel,KOH,constant_current,AC,oil,as_received,,12.313253667668356,26.117038901068113,399.7118551611563,3800.358907717701,10.272653708240641,24.93050738803035,67.7397618489797,3.172038021199291,222.4850074030182,3.3654656576732673,400.0,,18.615734336424044,5.0,240.7304972050848,7.43236955085863,1.2535068903912423,14.484976375923027,13.473323490005663,10.266937537993115,118.55597410281256,E044,synthetic,True,synthetic_range,Auto-generated for development; not experimental data.
S0434,Magnesium,Al2O3,TiO2,sol_gel,aluminate,constant_current,AC,oil,ground,11.862308003749796,4.385733350170649,,292.157794342741,3685.758733585989,67.28074812464916,72.16556087157865,57.93690655848819,4.210179220576979,139.2069181644934,5.404548862660361,450.0,10.45344097273138,34.178622158355886,4.0,93.77925556127606,16.766760920543156,2.257374432532533,23.027242905633255,11.903838378245467,3.939948525093748,157.769482312947,E044,synthetic,True,synthetic_range,Auto-generated for development; not experimental data.
S0435,Aluminum,Tantalum,Al2O3,PEO,silicate,constant_voltage,AC,air,sandblasted,6.063583875184668,1.4894321580776804,11.883823466567248,509.3989964911712,4984.547123050202,14.61474245857257,53.36532115429093,27.897355039500205,1.502109585316789,66.82346193278889,5.946436356739831,150.0,3.3317052908626383,1.9283902356172038,5.0,60.99598958915362,36.340160136287835,0.5151464760396567,47.50140481835574,7.0076643847735465,14.65012704458892,118.96876918549336,E044,synthetic,True,synthetic_range,Auto-generated for development; not experimental data.
S0436,Magnesium,TiO2,none,PEO,silicate,constant_current,DC,furnace,as_received,0.0,0.0,6.578765689140379,453.4172235952276,1739.3533086053408,83.62448661950823,6.746862038430523,62.32222568959404,2.087642463025368,150.6987731110991,6.811770666542786,350.0,1.9654537507931935,33.54175774382663,6.0,31.207447149609887,37.11183002901108,1.0053454629348164,48.7968075576845,6.573184287326183,9.872073338701359,75.15047952374181,E044,synthetic,True,synthetic_range,Auto-generated for development; not experimental data.
S0437,Zirconium,Aluminum,Al2O3,anodizing,phosphate,constant_voltage,AC,oil,sandblasted,5.1563139224943235,18.18892210373582,21.532767865593165,102.0673438036126,1427.5449584520811,11.925588955174675,13.03143813675287,61.76480941158197,4.739595232676192,115.14724862035798,5.901686891456549,150.0,9.482540101199666,20.39415494422926,6.0,218.51613910485693,11.494918253473788,1.1728790682180257,22.858424866088523,8.891953187813805,3.64366914780034,167.09406314979663,E044,synthetic,True,synthetic_range,Auto-generated for development; not experimental data.
S0438,Tantalum,Aluminum,graphene,plasma_spray,phosphate,constant_voltage,DC,water,as_received,13.592368721374122,21.608658045016618,57.18486854546879,116.95782182677922,2265.410604049136,55.090385476813765,27.456875723757854,32.065049017184805,4.486888008917088,131.23250280280294,4.587849423658872,250.0,3.4503059679101518,27.255581056253295,1.0,219.9056226759272,19.43958026472547,0.2692824625732069,68.84714087244762,21.205354336616708,3.859732983903359,223.7761781815538,E044,synthetic,True,synthetic_range,Auto-generated for development; not experimental data.
S0439,Magnesium,Tantalum,Al2O3,sol_gel,fluoride,constant_voltage,DC,oil,polished,5.474930793123861,3.6253060393496526,37.29299980931687,84.80550089930279,4282.8758857459525,86.06802000276926,93.47294534458752,55.48685269570078,3.0107884220991705,90.73931144682611,3.749902914270736,,0.8671890006902043,15.587796392357797,3.0,50.967452993896224,28.664735236626246,2.2769192514440952,21.244559141777227,10.011151367725443,2.4219509828795545,106.10151207662132,E044,synthetic,True,synthetic_range,Auto-generated for development; not experimental data.
S0440,Aluminum,MgO,ZrO2,anodizing,NaOH,constant_current,DC,oil,polished,10.467303386883891,7.243548266871194,23.503203475771247,296.6224373723087,3642.968212689494,58.66161394204631,107.58454434388105,54.71168715292585,2.6396975200768034,214.71001736141187,3.1886408705288103,450.0,9.989955981966999,15.37630300080582,1.0,63.49308663553622,15.307357828367895,1.164303506136435,28.790708350727378,9.65816580815911,6.329762027793284,136.4338022829647,E044,synthetic,True,synthetic_range,Auto-generated for development; not experimental data.
S0441,Tantalum,Al2O3,Si3N4,PEO,aluminate,constant_voltage,DC,oil,polished,18.998606124365747,4.9159852177384415,3.295738425678681,90.38587960367651,2358.119069837514,61.71542345623405,67.74870051163558,69.58619555065181,2.529803261545063,181.65773331130623,2.0379895764212597,500.0,6.318898038824891,2.2369689596246207,3.0,128.53849087670895,34.10250547285497,0.5207502284315648,27.11171943276666,3.0390031164735167,0.8213209552806657,228.34196883114964,E045,synthetic,True,synthetic_range,Auto-generated for development; not experimental data.
S0442,Aluminum,Tantalum,TiO2,anodizing,NaOH,constant_voltage,AC,water,polished,7.935496999900473,0.7200516343143769,36.416123602073824,411.83916828734704,1222.8142164293658,67.93692210867948,17.140028189124198,23.844700269173682,0.7645534770515722,117.71577932383858,1.0260233706307393,200.0,4.256281022926853,17.52778778673152,5.0,70.85491807458942,12.25141945926662,1.3846327118409254,33.13231814478216,14.51204551534537,10.004779173214162,139.55084099427359,E045,synthetic,True,synthetic_range,Auto-generated for development; not experimental data.
S0443,Magnesium,TiO2,ZrO2,sol_gel,NaOH,constant_voltage,AC,furnace,sandblasted,17.57690047628255,13.858112678680241,6.443200815186983,326.17929072521633,,20.404752057089695,66.45817950781229,27.664502793248978,4.515696967804551,188.46562032656036,4.569050550072694,500.0,0.6314347101628154,16.92581362135387,2.0,191.8806501040865,28.28915199588686,1.5615152193463373,19.342803341217667,3.0929968631778584,9.183035925889937,252.64368977702662,E045,synthetic,True,synthetic_range,Auto-generated for development; not experimental data.
S0444,Aluminum,Tantalum,TiO2,PEO,KOH,constant_current,AC,furnace,polished,19.745419333475944,17.513058144934305,33.01010019180406,467.9425087765712,4272.634340210981,,103.39462796864868,46.58801774490734,,173.1769617918095,0.8251114960184402,450.0,0.9062656141413984,9.76685297285478,2.0,42.768744055258914,45.316321698700236,0.43619959585424445,62.19665790681224,10.144763060781,11.975726061184815,220.8171494247329,E045,synthetic,True,synthetic_range,Auto-generated for development; not experimental data.
S0445,Zirconium,Aluminum,none,anodizing,phosphate,constant_voltage,DC,air,sandblasted,0.0,0.0,45.36507998803283,189.89789433565812,1999.7561553374544,84.83016497108929,91.18992734909781,17.869434677999955,2.553130151275402,248.99371414150698,4.371390444008657,250.0,9.61516761144339,10.645607668050932,4.0,150.93605312489052,29.064315674085545,0.988290600581478,38.92224046471287,15.949836042069428,1.6014156858557258,96.13460589742496,E045,synthetic,True,synthetic_range,Auto-generated for development; not experimental data.
S0446,Zirconium,Magnesium,none,PEO,mixed_oxide,constant_current,DC,oil,polished,0.0,0.0,25.991535549392395,309.57039208057034,3342.927229104921,92.8087707910019,38.47628882519812,42.01362284411093,1.7574798772376303,288.9960673350504,0.1621988949344073,200.0,6.131617677095941,23.781443637257954,4.0,114.21414432505891,21.240568538790587,0.5928689409656568,52.11240360233466,11.419830656334973,7.94303296435032,82.61591571886005,E045,synthetic,True,synthetic_range,Auto-generated for development; not experimental data.
S0447,Aluminum,TiO2,ZrO2,PEO,fluoride,constant_voltage,AC,air,polished,16.483335280935677,13.897505636200638,18.665278194174938,108.73984295527218,2001.0601058829907,47.6594199454595,19.247420068161148,66.23423772998201,2.0431427289193875,82.66762724466399,2.6358310839232413,25.0,0.0,,5.0,132.28822641229533,18.547420984737844,1.3375002428526135,27.89292498982851,6.613552009766943,3.731019749101958,188.81445553738274,E045,synthetic,True,synthetic_range,Auto-generated for development; not experimental data.
S0448,Tantalum,Aluminum,ZrO2,sol_gel,phosphate,constant_current,DC,water,ground,1.1269132044609445,2.3977777005738057,3.795669795238317,492.3050013251402,2392.467190707424,39.282912392591484,108.57839547265795,24.666435608959883,,270.9783697269957,1.0471737757914183,500.0,4.6228147133637085,33.3798244516743,1.0,123.44656589303239,32.23990129683597,0.5697824635750665,18.702254466480746,2.4510436438787293,13.795908851797456,126.88068091951723,E045,synthetic,True,synthetic_range,Auto-generated for development; not experimental data.
S0449,Zirconium,TiO2,Si3N4,PEO,fluoride,constant_voltage,DC,furnace,sandblasted,8.169386732136502,3.8998777821309765,2.461894634534211,137.50248114491916,2624.551899774568,,103.22020586270426,44.896667900874114,3.748053835875752,226.19923457122553,3.232287813255261,150.0,2.4010091966815135,5.344019167425593,2.0,63.6950201576238,32.80484096073748,0.5055664676700369,32.67517638549995,1.944385139446581,3.7639538981927156,128.10896311055555,E045,synthetic,True,synthetic_range,Auto-generated for development; not experimental data.
S0450,Aluminum,Zirconium,none,anodizing,KOH,constant_voltage,AC,air,as_received,0.0,0.0,26.37156760908575,101.18112567520251,3878.6290701113894,56.14431448810174,11.177266991700966,79.3350001698589,3.0050143544968595,223.1383863244762,3.9442660365160918,200.0,1.798137861574446,23.528152916426702,,78.46192676788371,29.44281817113123,1.2282622558817216,23.217457179524462,5.99306596714464,3.0428511862955485,40.20148253116614,E045,synthetic,True,synthetic_range,Auto-generated for development; not experimental data.
S0451,Tantalum,Magnesium,Al2O3,sol_gel,fluoride,constant_current,AC,water,as_received,13.930668148818437,19.049618308106425,53.117370971475104,152.52529926159167,4887.529920644655,31.87089562867759,99.72256632982489,47.88480087261618,1.5534654027120272,143.57522428561805,1.9589048928273267,250.0,3.6775399377526514,7.241744358424992,5.0,44.25769376029385,5.012103795406232,1.2464642479407781,24.03452996157263,17.20648902322324,3.2658579917603676,121.92583059993083,E046,synthetic,True,synthetic_range,Auto-generated for development; not experimental data.
S0452,Tantalum,Zirconium,none,electrodeposition,mixed_oxide,constant_voltage,AC,air,polished,0.0,0.0,15.399703948798233,453.1157443614907,2221.8308131911617,24.633420222424753,16.179453345268044,47.39104856793588,3.3035250743496034,135.97704886623023,4.978041313451922,150.0,6.81934829581757,,7.0,55.36282656579567,25.402676783221594,0.3529508970146955,39.36814428646734,8.150873266450878,10.177837659122925,63.925456640765375,E046,synthetic,True,synthetic_range,Auto-generated for development; not experimental data.
S0453,Aluminum,MgO,none,PEO,NaOH,constant_voltage,AC,oil,polished,0.0,0.0,34.86927484112746,102.9072638423414,1711.5750312380296,24.46957555038321,12.277617841234257,51.321582942070926,4.906535964147386,51.409871205629244,1.9369714608179696,450.0,,22.54928959106243,6.0,245.13686093216128,39.584171666620506,0.7636320785987372,35.20673295861921,10.456493569827083,1.886932365313376,127.54838099673302,E046,synthetic,True,synthetic_range,Auto-generated for development; not experimental data.
S0454,Magnesium,Tantalum,SiC,plasma_spray,silicate,constant_current,AC,water,sandblasted,16.339790456170576,16.252345796838128,41.37404336110595,357.21374741908295,1867.9550323619565,49.03004811152292,92.23910317181983,27.090284071628176,1.0507781096428064,295.55121865932693,3.5784474547978316,400.0,4.452217434774822,26.049609774503438,6.0,91.55309856899544,56.29505019175819,0.5111679834341163,86.17046236176293,15.714052557182887,9.395873682131548,234.44847395732452,E046,synthetic,True,synthetic_range,Auto-generated for development; not experimental data.
S0455,Zirconium,ZrO2,graphene,sol_gel,fluoride,constant_current,DC,oil,sandblasted,14.336388876990307,23.20955427039852,4.588962182580325,423.09065030756284,669.4453468759082,24.460574477330262,66.67572152137018,24.565652374586378,2.563182547813975,201.6264580932622,1.6722599700462273,150.0,5.996205165499286,17.669572943642855,4.0,97.54561865470413,13.65373618659465,1.0552324832545428,23.420432145394003,4.100942299759633,12.442494313973722,145.13979072598346,E046,synthetic,True,synthetic_range,Auto-generated for development; not experimental data.
S0456,Zirconium,MgO,none,plasma_spray,silicate,constant_voltage,DC,furnace,ground,0.0,0.0,10.03292217239925,425.5405802414356,1484.6936890886136,11.676110240976291,52.67302277038667,59.02805089248205,2.72371469414957,150.58215598098136,4.575200742362174,,5.3303420006062465,20.869512720040923,7.0,57.96339269506663,32.04971247881549,0.19054630511651727,61.71223281043807,5.732756815951583,10.872893888060162,88.43005140977974,E046,synthetic,True,synthetic_range,Auto-generated for development; not experimental data.
S0457,Magnesium,Tantalum,ZrO2,plasma_spray,fluoride,constant_current,DC,oil,sandblasted,17.903444575588367,0.14022530738427635,20.545330811754457,,432.2370663440311,14.42754587242365,108.94415253724252,40.724842643875064,1.250587462207111,185.94220547304465,5.192420100307668,25.0,0.0,8.057152027170439,3.0,196.13612498928532,40.747023942689786,0.8124530822711629,57.36128955559094,6.410475794970927,2.0912315677366706,274.2335246451711,E046,synthetic,True,synthetic_range,Auto-generated for development; not experimental data.
S0458,Zirconium,Al2O3,TiO2,plasma_spray,mixed_oxide,constant_current,AC,oil,ground,4.983986347463332,1.6111493403616763,40.53549727476566,80.811999188806,2139.471315896236,,101.51991078779169,33.843930834005924,2.8921109494879165,60.13175852406562,2.056790413563654,500.0,0.946954808662714,19.057598639716854,7.0,233.31141824120203,71.07245509702138,0.09565382696220807,85.8970517149055,7.244066716583238,0.6539389310142413,227.38127508044954,E046,synthetic,True,synthetic_range,Auto-generated for development; not experimental data.
S0459,Tantalum,TiO2,SiC,electrodeposition,silicate,constant_voltage,DC,air,ground,,2.781708776235339,26.903071621457716,274.4031918861088,836.7863465552444,16.201713998611538,11.626699227911509,17.040455294793343,3.226897663466405,93.41273882291722,1.048643516097007,250.0,0.9077753599127976,15.54818517467733,3.0,203.74511815466323,12.681061057128373,0.6642027223810103,34.94520981795346,12.04416337708658,7.866443958244765,142.1643689981419,E046,synthetic,True,synthetic_range,Auto-generated for development; not experimental data.
S0460,Magnesium,Tantalum,TiO2,PEO,NaOH,constant_current,AC,air,sandblasted,13.03467340450484,2.429068656912363,44.31750902487647,151.24267262227306,1732.0337298720433,16.220358699381563,75.85003282323483,,1.2080504246832289,205.83998124085065,5.896310770184773,350.0,4.527058707320474,26.97911308152198,4.0,164.7754824755178,34.800238634732246,1.133781724617028,51.64040766177466,13.176841018632627,4.593369370059679,231.78168109127859,E046,synthetic,True,synthetic_range,Auto-generated for development; not experimental data.
S0461,Zirconium,Aluminum,Si3N4,sol_gel,aluminate,constant_voltage,AC,furnace,ground,19.453889682684522,,52.18827406881836,399.635404506969,3967.8887469580313,48.351017870350255,93.8107513688577,17.101376279914128,,178.565432420905,5.178299996875836,150.0,8.766223903179212,17.958047216362957,5.0,208.91124143432677,1.0,1.3622867623740942,32.194225103551865,21.574095682339525,11.177225957465534,197.66510943804934,E047,synthetic,True,synthetic_range,Auto-generated for development; not experimental data.
S0462,Magnesium,Tantalum,Al2O3,sol_gel,KOH,constant_current,DC,furnace,polished,5.321503179482021,17.546706637378474,45.74396431931403,228.3463998277105,1229.63825294568,30.833523998477766,68.30641667411949,63.74890306541576,4.353569220351902,246.76870573190828,1.5467772633469192,200.0,2.0094359353866125,31.39432438822859,3.0,118.93065124522886,21.286919120878473,2.652363593765018,26.18638804323318,14.87222477340186,5.5661618629421294,77.11616183509733,E047,synthetic,True,synthetic_range,Auto-generated for development; not experimental data.
S0463,Zirconium,ZrO2,none,PEO,silicate,constant_voltage,DC,oil,sandblasted,0.0,0.0,59.542585231481695,274.67697051656603,3059.473106710345,,118.04563239376165,39.82925633490777,1.901243465015202,214.68567261133427,2.2957688034374644,300.0,9.550271338190894,17.613691844373992,2.0,219.08941811775125,36.19132056032139,0.3484114856653584,72.19975824978852,18.864127660657424,4.8864908771099795,130.73269160982832,E047,synthetic,True,synthetic_range,Auto-generated for development; not experimental data.
S0464,Aluminum,Aluminum,none,sol_gel,phosphate,constant_current,AC,water,sandblasted,0.0,0.0,45.50730305516733,106.74246655085591,4505.907096243064,87.43379635731335,83.89546303446805,53.91470768280226,3.336500241853839,200.3589189948468,2.14424900890915,150.0,8.730254557109124,10.195075745984388,7.0,205.67414692040003,18.441139214786734,1.5451982911171955,29.58364417932517,14.172244321255661,2.6642246391572555,114.96782163132318,E047,synthetic,True,synthetic_range,Auto-generated for development; not experimental data.
S0465,Magnesium,TiO2,Si3N4,sol_gel,silicate,constant_voltage,AC,air,polished,17.280989327835826,3.7035825551966393,51.278572505439584,333.77514327409585,2834.6459351477342,44.403176137057706,16.97644646015791,31.09907004486055,3.3204788405384633,253.81642607632836,0.05,,0.5453501451845286,11.673860039384799,4.0,30.379421736390185,11.73485061589866,2.8711696478696767,18.753947543256857,13.380523442139136,9.392407266563666,156.84341533922827,E047,synthetic,True,synthetic_range,Auto-generated for development; not experimental data.
S0466,Tantalum,MgO,none,electrodeposition,KOH,constant_voltage,DC,furnace,ground,0.0,0.0,50.10961514943506,142.76209481595367,968.9630638620633,48.142179150382034,27.804271379994645,25.10097830508475,4.276268940121858,67.06577638797515,3.9893371005531595,500.0,0.8076005392912188,2.766123778573826,7.0,137.31470968185374,35.182272960803985,0.510981463705362,42.08688009044277,9.835607401739779,1.1164129908904215,115.16808314111265,E047,synthetic,True,synthetic_range,Auto-generated for development; not experimental data.
S0467,Magnesium,MgO,graphene,anodizing,aluminate,constant_current,DC,furnace,as_received,10.311981271135313,8.902307882483095,44.08567997452275,389.49283045746853,1723.8309698297717,41.88466051142347,100.01824643793813,49.67022005427158,3.8295258405418555,222.7216991078213,6.790232776819856,200.0,2.7428819786875938,22.056833613435494,3.0,88.21564673742975,1.0,2.132076361885857,38.47397245904476,18.443114253606055,10.99542612875854,127.91038849038183,E047,synthetic,True,synthetic_range,Auto-generated for development; not experimental data.
S0468,Zirconium,Zirconium,Al2O3,plasma_spray,phosphate,constant_current,AC,air,as_received,19.822013321042988,0.37418404936131633,48.306307182697545,85.58441127394684,2951.8460359203305,13.218619914665899,119.62701741159451,60.215150172019335,4.2825939504722506,228.89767832225385,6.8576247412460525,350.0,1.1453904770817278,33.40435447211255,7.0,48.97124160089301,56.19165894783192,0.20448947319422542,78.80746146908295,13.426310515428892,2.1431735274478627,254.27446956039142,E047,synthetic,True,synthetic_range,Auto-generated for development; not experimental data.
S0469,Magnesium,TiO2,Si3N4,sol_gel,NaOH,constant_voltage,DC,oil,as_received,0.7367475679798494,7.0506860822920965,56.1463104441772,537.9472961406617,2533.0556987992677,34.89198133665023,16.309015690324813,27.707064171434524,3.3134665534279955,118.79088742000275,5.6267638006232605,500.0,6.610445710608518,30.995356565885235,5.0,216.16312940451047,3.0656143491864345,2.6144813433088334,34.43953051799585,26.27199517894167,14.947657441249438,112.78168629049003,E047,synthetic,True,synthetic_range,Auto-generated for development; not experimental data.
S0470,Tantalum,Magnesium,none,PEO,KOH,constant_voltage,DC,oil,sandblasted,0.0,0.0,29.037235333051264,392.26348929290583,743.0991813845189,20.427244917018648,16.537871552180565,43.363331583116675,2.522557222312973,98.91240912184861,2.456884291946657,500.0,0.9557135067717815,18.073789187200383,6.0,31.748930546246907,30.09701502538332,0.3654455290348335,47.51417716164738,10.476515493484436,9.988152236626288,68.74747197906771,E047,synthetic,True,synthetic_range,Auto-generated for development; not experimental data.
S0471,Zirconium,Zirconium,ZrO2,sol_gel,mixed_oxide,constant_voltage,AC,water,polished,10.489636332746443,6.892426103691667,38.65893441084007,140.8647839059631,2233.9817234528446,18.701478051285434,92.7895112264776,43.90257306894072,2.2710493459088363,103.4631188639998,5.068485789887418,25.0,0.0,8.648693850635976,6.0,190.63597045217927,7.012484654810386,1.6308213189582141,24.302043171144255,13.949760834119314,4.897616185248989,140.15092208839187,E048,synthetic,True,synthetic_range,Auto-generated for development; not experimental data.
S0472,Tantalum,Tantalum,graphene,sol_gel,NaOH,constant_current,DC,furnace,as_received,,20.306160322030262,31.38144357279359,57.047322730927895,2715.333474551242,57.67323369959296,12.40074239740205,29.038644690165082,,99.53521585799855,2.9340993137115103,25.0,0.0,34.675893288600655,2.0,247.40226661938095,24.37346536158556,1.0526900928324165,21.12634669549317,11.392135534177278,1.1999273544467814,177.77587295591698,E048,synthetic,True,synthetic_range,Auto-generated for development; not experimental data.
S0473,Aluminum,Tantalum,TiO2,electrodeposition,aluminate,constant_voltage,DC,air,polished,7.427990021279151,19.010163619972552,51.211182244332306,217.23144610260937,1336.6635722878623,18.39501290565279,12.884413347457459,51.72821400638852,2.38276894059121,180.94554772589865,1.2683556960060078,500.0,8.871475216733492,3.2144603277576675,6.0,136.04434867537185,45.729655639525014,0.5690205620843465,41.051765972694696,8.877338408482666,5.059084647457559,160.53876603639853,E048,synthetic,True,synthetic_range,Auto-generated for development; not experimental data.
S0474,Aluminum,Tantalum,SiC,anodizing,KOH,constant_voltage,DC,water,ground,8.501656498531311,17.404023158795404,26.45021656941893,126.40663202610371,3062.2275766992598,18.749162522597405,107.21389554611119,24.485819640810544,1.0818916346919665,83.90657784145712,3.655288022065389,500.0,9.133079335762174,16.569686282897266,7.0,111.67291658711562,41.18224857406963,1.0313511835842106,27.243323886930153,8.68737122974504,2.4915244586630547,160.51743298748403,E048,synthetic,True,synthetic_range,Auto-generated for development; not experimental data.
S0475,Zirconium,Aluminum,ZrO2,plasma_spray,NaOH,constant_current,AC,air,as_received,3.7747906216778415,3.5181767088810187,49.363879497539244,159.20566655977296,350.8004974260492,50.84366575964463,97.05172841662186,48.133696265707705,2.407812669514252,214.8214653548376,1.2893902037392633,200.0,6.327785306207676,34.40799055297409,5.0,163.28324998443696,54.24554191167694,0.19344115644698046,89.5428733980409,12.47204872778027,2.696418975205725,173.03955182119532,E048,synthetic,True,synthetic_range,Auto-generated for development; not experimental data.
S0476,Tantalum,Aluminum,Al2O3,PEO,aluminate,constant_current,AC,oil,polished,14.94589701689784,20.205456047171737,48.16191992837119,486.3751292189447,1683.035167827584,,106.37976798440395,22.373048238789966,2.2525020824117954,76.26956473719238,4.1720414064546,300.0,11.141673076914861,16.333890808763663,7.0,207.03352208248788,23.135293483382778,0.1714573321384443,71.88127453895386,19.79539487327414,14.540719515566146,245.63557770681766,E048,synthetic,True,synthetic_range,Auto-generated for development; not experimental data.
S0477,Tantalum,Magnesium,TiO2,sol_gel,silicate,constant_current,DC,oil,as_received,15.801823729168891,16.945540243499927,57.751279980746844,351.60233002542475,4021.384163887872,21.698956736251397,79.80904124526667,46.560256575583935,0.6555724849320417,56.72241007756405,6.88405393127769,350.0,11.887768899336043,5.597143359521437,6.0,82.85543863056134,1.0,1.0184843528694358,28.60839228865765,22.933205971189473,9.452894506340318,160.7106280829212,E048,synthetic,True,synthetic_range,Auto-generated for development; not experimental data.
S0478,Magnesium,MgO,Al2O3,anodizing,KOH,constant_voltage,DC,furnace,polished,3.16493475518719,4.911200277710727,15.686321256187707,138.22882651444974,1296.424004540777,10.378167108753354,42.091688522968724,35.253938566911195,1.73808839896853,129.8225606114678,3.872911690730513,400.0,4.630968889167278,11.372030513486049,5.0,85.15431441377797,25.114186456497844,1.9260174923213864,21.421040479026466,6.3831761613955535,2.8390544873218615,101.16696519395333,E048,synthetic,True,synthetic_range,Auto-generated for development; not experimental data.
S0479,Zirconium,Zirconium,SiC,PEO,NaOH,constant_current,AC,oil,as_received,8.172412942772274,16.219943560523834,42.86755108326882,328.32970034372437,3025.884250015391,26.402827550266725,109.22601688827098,44.39600898529977,3.8835813863309756,97.96493093326026,5.6118912981232665,400.0,1.9474376128661857,24.401148227974986,4.0,163.5791630991063,31.03344198129261,0.44709162576931594,58.61635111588412,18.15743889328849,7.088057064535136,158.34671630590324,E048,synthetic,True,synthetic_range,Auto-generated for development; not experimental data.
S0480,Magnesium,MgO,Al2O3,electrodeposition,NaOH,constant_current,DC,air,sandblasted,17.911647409572318,12.113615443041843,45.65825036120169,177.89032671249663,2050.1485685515595,30.05084160547346,39.353205372059655,43.19370836380632,3.100755071343314,297.1655138525206,3.8028506563426507,250.0,4.677239054450469,6.929400400088264,7.0,236.77356058794717,30.7465806062455,1.0858636275547089,49.77541825025764,13.0530201510723,3.372434548684163,244.44077484770233,E048,synthetic,True,synthetic_range,Auto-generated for development; not experimental data.
S0481,Aluminum,MgO,SiC,electrodeposition,phosphate,constant_voltage,DC,water,polished,0.5527918366778496,11.011784043312815,56.24043107547528,538.1004321790446,1582.3007120762338,78.02111770675374,36.68374653730767,74.01565298320853,4.127753735402136,125.74907515430435,0.05,500.0,3.068569815664106,26.542477746851876,2.0,95.65679466692796,8.332526079067492,1.0967774228140876,47.00664667531746,22.61538220960126,14.316151703678655,60.59146160176442,E049,synthetic,True,synthetic_range,Auto-generated for development; not experimental data.
S0482,Tantalum,Al2O3,none,electrodeposition,mixed_oxide,constant_current,AC,air,polished,0.0,0.0,54.50724266527633,66.37861513184762,4580.658439550134,87.81225979481327,106.9360482071687,46.84581399717008,2.942096199713442,105.51602150637844,3.9767378619830973,25.0,0.0,18.088315316770583,4.0,112.88602591038287,10.87845746305984,0.6210741997059508,46.54371357240196,17.6909855426345,0.705930938391706,47.81657284567711,E049,synthetic,True,synthetic_range,Auto-generated for development; not experimental data.
S0483,Aluminum,MgO,Al2O3,PEO,KOH,constant_voltage,DC,oil,as_received,11.32332455852468,12.981691682336876,34.83802584079845,416.1592110839075,1716.3085904019176,44.505273786477424,83.2945981367189,68.20242875199683,4.343376944638703,99.19245587480364,4.523232712738324,25.0,0.0,14.041190532000353,6.0,248.5333263212637,10.387790912590845,0.719515770529838,69.0118010902927,18.84685897639642,12.882773679102858,199.84351661894553,E049,synthetic,True,synthetic_range,Auto-generated for development; not experimental data.
S0484,Tantalum,Al2O3,none,electrodeposition,aluminate,constant_voltage,AC,oil,ground,0.0,0.0,35.17003796597481,436.49851309571363,1183.3795074350917,44.42727175258312,108.00228974156292,29.66740553926149,4.082301948207725,143.46322620087258,4.965098265820298,500.0,6.025168264298095,10.39609374040339,7.0,68.76887634543348,33.80476154225719,0.3490545374785528,56.2722678190426,14.579294035400611,10.226123953182972,112.48731386350822,E049,synthetic,True,synthetic_range,Auto-generated for development; not experimental data.
S0485,Aluminum,MgO,Al2O3,electrodeposition,aluminate,constant_voltage,AC,furnace,polished,5.804881188964553,4.148122011993952,10.870182475849534,,4546.506578201353,70.56090911958867,22.928648264206824,37.88538165122682,0.9422805656401121,201.46222383289447,0.05,,9.276657124874017,33.10986944841167,2.0,46.932997042566896,24.47300993107996,1.1930503634142748,23.486073506837215,4.597348618086275,2.645545630552527,101.72714431419472,E049,synthetic,True,synthetic_range,Auto-generated for development; not experimental data.
S0486,Magnesium,Al2O3,ZrO2,electrodeposition,aluminate,constant_voltage,AC,water,polished,9.470730955612646,3.3570305411553294,58.5227994430025,135.9346821156758,3729.721779679074,63.288371334898564,114.51413174304761,19.88080974115741,4.896528656071966,245.4863187615706,1.100226072255239,500.0,3.6512412072313,16.47028395107266,1.0,159.74615255373334,33.380330319117675,1.1930834240031545,46.10642252425589,13.795742043638343,1.7166342685233822,181.88284847208897,E049,synthetic,True,synthetic_range,Auto-generated for development; not experimental data.
S0487,Aluminum,MgO,SiC,sol_gel,KOH,constant_voltage,AC,water,sandblasted,4.039700608139028,23.85500156279669,16.046030299502185,,3408.9985684909866,25.651915868939778,75.46534802053762,42.348606663397085,0.5663635110559795,141.1440619357671,3.62787130696798,200.0,6.680959333356843,29.80069135864288,3.0,35.33873745275926,15.263731053652378,1.066050918408134,20.748714208209083,5.908009215775572,5.271432981377291,44.62469161170288,E049,synthetic,True,synthetic_range,Auto-generated for development; not experimental data.
S0488,Zirconium,Zirconium,none,anodizing,NaOH,constant_voltage,DC,air,polished,0.0,0.0,43.75943688862623,484.0774132645339,247.67471033437906,19.153575395148216,81.82403007074417,58.46549265987051,3.1857711706832834,206.49274501069735,3.3313502804136794,250.0,4.3543543672799165,18.173852512857994,7.0,69.695310880461,8.969702013023303,0.9303343848126618,37.418576155969106,17.1776091074441,14.089354311036592,44.25865173427015,E049,synthetic,True,synthetic_range,Auto-generated for development; not experimental data.
S0489,Tantalum,Aluminum,none,anodizing,silicate,constant_voltage,AC,water,sandblasted,0.0,0.0,47.95190528351344,318.4999692092497,656.0248035788791,47.19701070567932,110.11696673754193,69.48085721711075,4.06630179192543,170.51497456984686,6.147696462308614,25.0,0.0,4.582820288584397,4.0,166.88601975190298,1.0,1.0571405033953405,36.311204853334246,22.01389384548369,7.632272155656287,64.82988461488469,E049,synthetic,True,synthetic_range,Auto-generated for development; not experimental data.
S0490,Zirconium,ZrO2,TiO2,sol_gel,aluminate,constant_current,DC,water,polished,,8.085911127086101,27.03171477207148,377.6534250036452,3191.699819048314,58.01041086883485,48.7865920898823,51.78446926694509,1.9935236293290655,261.6238365633496,4.97002041064808,500.0,7.854671272688508,18.179733031523156,1.0,175.09272815209326,17.108851810328776,1.2079007148046312,21.014459813207207,11.527156002968706,8.913618012963877,183.02180529088383,E049,synthetic,True,synthetic_range,Auto-generated for development; not experimental data.
S0491,Tantalum,Zirconium,SiC,plasma_spray,aluminate,constant_current,AC,furnace,ground,2.3156319517413526,22.461348607194687,13.460429481714423,,1047.1641826313012,21.790146268498788,87.75112439002415,56.604723523550106,3.1935640653372106,192.26044428960878,1.3429022341125114,250.0,0.5978044008720235,20.799823409694795,1.0,142.29355492247635,44.80951988341423,0.042471658805282336,63.917704797340974,6.604376393867899,12.633131145048848,139.36545850416496,E050,synthetic,True,synthetic_range,Auto-generated for development; not experimental data.
S0492,Tantalum,MgO,TiO2,plasma_spray,KOH,constant_voltage,DC,furnace,ground,16.96596797622868,14.095999487805468,12.148662668961519,464.06139416876,1128.1899281517954,34.92824693971779,78.63917142931565,26.522360045101628,2.129551388813517,122.47291796977504,2.5124548105290594,150.0,8.090590422710012,18.855845546241696,3.0,114.42457017046432,32.95822896119761,0.19034621358118797,63.95424894287154,3.7156509524281858,15.05822852757708,220.1771161568277,E050,synthetic,True,synthetic_range,Auto-generated for development; not experimental data.
S0493,Tantalum,Aluminum,none,anodizing,mixed_oxide,constant_current,AC,air,sandblasted,0.0,0.0,51.53326405319391,288.1422715418405,3895.6925767180533,36.005154696598865,95.59156266958543,17.41839248517356,0.7727673875337586,225.89681429456397,1.6708694874796606,300.0,2.4568630927656967,32.833426758182625,3.0,156.76346857280663,17.86748101575615,0.7584627210666277,33.951901008713925,18.07200275078522,7.193740459920258,86.93232604292984,E050,synthetic,True,synthetic_range,Auto-generated for development; not experimental data.
S0494,Zirconium,Tantalum,Al2O3,electrodeposition,phosphate,constant_voltage,DC,water,polished,15.41383401191701,7.533126400405994,31.134632718162376,304.3965693867407,1429.624744184713,32.21034708705394,108.14842106083033,66.45972943652555,0.5380768359019891,255.01612200574894,0.7926284808424386,150.0,8.831448587334952,36.52320261267814,1.0,171.54486566731254,25.487270247731132,0.8373849157165354,39.592807370409695,11.157065952276932,8.658168831567325,178.44989320518224,E050,synthetic,True,synthetic_range,Auto-generated for development; not experimental data.
S0495,Aluminum,MgO,Al2O3,electrodeposition,aluminate,constant_voltage,DC,oil,polished,7.531019660129083,2.915125127077126,6.318081940257735,409.0029285438897,357.93651075958,49.16470763480224,83.20699837446088,25.857483483683616,0.9268791355003474,166.36016419099127,1.506620697905878,450.0,7.024394668722768,31.684368333230324,4.0,206.76605018416313,26.102607672264266,0.7067977747365947,37.48450820927582,6.268832535038623,9.811624444065592,222.88334677136558,E050,synthetic,True,synthetic_range,Auto-generated for development; not experimental data.
S0496,Aluminum,Al2O3,TiO2,PEO,KOH,constant_voltage,DC,water,sandblasted,15.763846287093996,13.927650395468156,43.304148893010435,181.6711793678132,182.1597365493055,65.51040466717777,12.778548767852401,20.926019809628908,0.9428431735402105,296.79930972057974,5.003456618500145,25.0,0.0,23.72849418622743,4.0,204.40518220616644,19.248833033220695,1.0035431993041026,52.34424328963861,16.816790733436978,3.428289225921716,186.22976422653667,E050,synthetic,True,synthetic_range,Auto-generated for development; not experimental data.
S0497,Magnesium,MgO,TiO2,plasma_spray,fluoride,constant_current,AC,air,polished,4.522321616404242,8.671147945160937,15.760092115496747,477.2448681827622,2215.8899362264387,53.29814010735935,26.061139772724726,75.9415508589287,3.2490039982718746,269.7742197978283,,300.0,8.481763935883473,22.116548461640736,2.0,176.25616841328852,28.112300497367805,0.6972943139551917,61.07692091827936,5.638682147752915,15.204660948980669,177.2828339029955,E050,synthetic,True,synthetic_range,Auto-generated for development; not experimental data.
S0498,Aluminum,Zirconium,Si3N4,sol_gel,mixed_oxide,constant_current,AC,furnace,polished,4.139911022060881,20.057575495594172,52.70729029430188,60.393412237920785,3085.64288842323,27.12380779102426,114.70749096071467,77.62888866384648,,99.23866741637286,1.4504028526842847,250.0,10.350822787490971,26.1400251748227,2.0,226.73116831026243,29.016890644226066,1.4410991305778253,27.262641435113174,11.189352197261684,2.1744767081614484,129.1527114516409,E050,synthetic,True,synthetic_range,Auto-generated for development; not experimental data.
S0499,Tantalum,TiO2,TiO2,anodizing,NaOH,constant_current,AC,oil,ground,10.192004001240903,21.99161405234588,19.26473537576854,147.88580110486234,4344.426166959014,18.74981899902898,116.39480443838102,55.05672395416215,2.5495848507791394,246.68896803905932,3.2820600025231155,25.0,0.0,12.225381561135606,5.0,214.36555579099215,20.001707638063117,0.9905788359774861,24.31980965983083,8.436015703280402,2.9437239310631815,153.59671954844762,E050,synthetic,True,synthetic_range,Auto-generated for development; not experimental data.
S0500,Aluminum,MgO,Si3N4,anodizing,mixed_oxide,constant_voltage,AC,oil,polished,1.1422522866180296,11.840709097131441,12.815978975318444,450.0999715182516,554.0219751631964,79.85898934638954,116.25253107531168,39.61142272467407,3.613646640210879,200.23781108744151,4.188832494990302,25.0,0.0,32.66202699979872,7.0,59.31412180794685,11.420735689254101,0.9378877193460261,36.89212984802915,7.283361592912108,15.30479137067489,49.2864885654036,E050,synthetic,True,synthetic_range,Auto-generated for development; not experimental data.
